thread_id,orig_index,thread_label,type,turn_count,aggregate_num_urls,aggregate_money_terms,ratio_request_messages
thread_000000,0,1,ssn,20,0,1,0.7
thread_000001,1,1,ssn,17,0,1,0.5294117647058824
thread_000002,2,1,ssn,13,0,1,0.9230769230769231
thread_000003,3,1,ssn,20,0,2,0.7
thread_000004,4,1,ssn,18,0,4,0.6111111111111112
thread_000005,5,1,ssn,12,0,1,0.6666666666666666
thread_000006,6,1,ssn,11,0,1,0.7272727272727273
thread_000007,7,1,ssn,12,0,2,0.8333333333333334
thread_000008,8,1,ssn,15,0,1,0.6666666666666666
thread_000009,9,1,ssn,15,0,1,0.7333333333333333
thread_000010,10,1,ssn,15,0,1,0.8666666666666667
thread_000011,11,1,ssn,17,0,0,0.7647058823529411
thread_000012,12,1,ssn,11,0,3,0.7272727272727273
thread_000013,13,1,ssn,18,0,6,0.6666666666666666
thread_000014,14,1,ssn,16,0,1,0.75
thread_000015,15,1,ssn,13,0,1,0.5384615384615384
thread_000016,16,1,ssn,20,0,22,0.75
thread_000017,17,1,ssn,17,0,2,0.6470588235294118
thread_000018,18,1,ssn,16,0,11,0.625
thread_000019,19,1,ssn,20,0,1,0.7
thread_000020,20,1,ssn,23,0,5,0.6956521739130435
thread_000021,21,1,ssn,22,0,0,0.7727272727272727
thread_000022,22,1,ssn,23,0,2,0.6956521739130435
thread_000023,23,1,ssn,24,0,5,0.625
thread_000024,24,1,ssn,26,0,7,0.6153846153846154
thread_000025,25,1,ssn,19,0,1,0.5789473684210527
thread_000026,26,1,ssn,16,0,0,0.75
thread_000027,27,1,ssn,15,0,2,0.5333333333333333
thread_000028,28,1,ssn,19,0,2,0.6842105263157895
thread_000029,29,1,ssn,20,0,8,0.55
thread_000030,30,1,ssn,15,0,0,0.6666666666666666
thread_000031,31,1,ssn,17,0,4,0.5882352941176471
thread_000032,32,1,ssn,20,0,1,0.7
thread_000033,33,1,ssn,18,0,3,0.6666666666666666
thread_000034,34,1,ssn,19,0,2,0.6842105263157895
thread_000035,35,1,ssn,16,0,4,0.6875
thread_000036,36,1,ssn,24,0,0,0.625
thread_000037,37,1,ssn,19,0,2,0.8421052631578947
thread_000038,38,1,ssn,20,0,10,0.75
thread_000039,39,1,ssn,21,0,6,0.7142857142857143
thread_000040,40,1,ssn,13,0,0,0.6153846153846154
thread_000041,41,1,ssn,15,0,0,0.7333333333333333
thread_000042,42,1,ssn,22,0,11,0.6363636363636364
thread_000043,43,1,ssn,17,0,11,0.7647058823529411
thread_000044,44,1,ssn,19,0,0,0.6842105263157895
thread_000045,45,1,ssn,23,0,3,0.6956521739130435
thread_000046,46,1,ssn,16,0,2,0.625
thread_000047,47,1,ssn,19,0,5,0.5789473684210527
thread_000048,48,1,ssn,14,0,9,0.7142857142857143
thread_000049,49,1,ssn,19,0,12,0.6842105263157895
thread_000050,50,1,ssn,11,0,1,0.6363636363636364
thread_000051,51,1,ssn,21,0,4,0.5714285714285714
thread_000052,52,1,ssn,10,0,0,0.8
thread_000053,53,1,ssn,18,0,4,0.6666666666666666
thread_000054,54,1,ssn,16,0,0,0.75
thread_000055,55,1,ssn,17,0,0,0.8235294117647058
thread_000056,56,1,ssn,18,0,3,0.6666666666666666
thread_000057,57,1,ssn,17,0,8,0.5882352941176471
thread_000058,58,1,ssn,20,0,11,0.7
thread_000059,59,1,ssn,18,0,2,0.7222222222222222
thread_000060,60,1,ssn,14,0,0,0.7857142857142857
thread_000061,61,1,ssn,14,0,12,0.7142857142857143
thread_000062,62,1,ssn,12,0,0,0.6666666666666666
thread_000063,63,1,ssn,16,0,1,0.75
thread_000064,64,1,ssn,19,0,1,0.5263157894736842
thread_000065,65,1,ssn,18,0,1,0.6666666666666666
thread_000066,66,1,ssn,18,0,4,0.7222222222222222
thread_000067,67,1,ssn,19,0,3,0.5789473684210527
thread_000068,68,1,ssn,14,0,3,0.8571428571428571
thread_000069,69,1,ssn,19,0,4,0.5789473684210527
thread_000070,70,1,ssn,18,0,4,0.6666666666666666
thread_000071,71,1,ssn,19,0,2,0.7368421052631579
thread_000072,72,1,ssn,18,0,5,0.6666666666666666
thread_000073,73,1,ssn,22,0,5,0.6818181818181818
thread_000074,74,1,ssn,23,0,1,0.6086956521739131
thread_000075,75,1,ssn,19,0,6,0.6842105263157895
thread_000076,76,1,ssn,18,0,3,0.6111111111111112
thread_000077,77,1,ssn,11,0,2,0.6363636363636364
thread_000078,78,1,ssn,20,0,4,0.75
thread_000079,79,1,ssn,13,0,1,0.7692307692307693
thread_000080,80,1,ssn,14,0,1,0.7857142857142857
thread_000081,81,1,ssn,26,0,7,0.6153846153846154
thread_000082,82,1,ssn,22,0,2,0.6363636363636364
thread_000083,83,1,ssn,24,0,9,0.6666666666666666
thread_000084,84,1,ssn,25,0,1,0.64
thread_000085,85,1,ssn,13,0,1,0.6153846153846154
thread_000086,86,1,ssn,11,0,0,0.7272727272727273
thread_000087,87,1,ssn,17,0,0,0.7058823529411765
thread_000088,88,1,ssn,11,0,0,0.7272727272727273
thread_000089,89,1,ssn,18,0,0,0.7222222222222222
thread_000090,90,1,ssn,18,0,3,0.9444444444444444
thread_000091,91,1,ssn,16,0,0,0.75
thread_000092,92,1,ssn,17,0,0,0.6470588235294118
thread_000093,93,1,ssn,21,0,2,0.5238095238095238
thread_000094,94,1,ssn,17,0,2,0.7647058823529411
thread_000095,95,1,ssn,16,0,14,0.6875
thread_000096,96,1,ssn,17,0,0,0.8235294117647058
thread_000097,97,1,ssn,26,0,2,0.6923076923076923
thread_000098,98,1,ssn,16,0,1,0.5625
thread_000099,99,1,ssn,13,0,0,0.6923076923076923
thread_000100,100,1,ssn,13,0,1,0.7692307692307693
thread_000101,101,1,ssn,18,0,2,0.7222222222222222
thread_000102,102,1,ssn,17,0,3,0.7058823529411765
thread_000103,103,1,ssn,13,0,0,0.6923076923076923
thread_000104,104,1,ssn,18,0,8,0.5555555555555556
thread_000105,105,1,ssn,16,0,1,0.75
thread_000106,106,1,ssn,17,0,0,0.7058823529411765
thread_000107,107,1,ssn,18,0,6,0.6666666666666666
thread_000108,108,1,ssn,19,0,0,0.5789473684210527
thread_000109,109,1,ssn,21,0,0,0.7619047619047619
thread_000110,110,1,ssn,15,0,0,0.6666666666666666
thread_000111,111,1,ssn,18,0,0,0.7222222222222222
thread_000112,112,1,ssn,16,0,0,0.8125
thread_000113,113,1,ssn,16,0,1,0.6875
thread_000114,114,1,ssn,18,0,0,0.6666666666666666
thread_000115,115,1,ssn,12,0,1,0.8333333333333334
thread_000116,116,1,ssn,12,0,0,0.75
thread_000117,117,1,ssn,13,0,1,0.7692307692307693
thread_000118,118,1,ssn,17,0,0,0.8235294117647058
thread_000119,119,1,ssn,17,0,0,0.7647058823529411
thread_000120,120,1,ssn,22,0,0,0.5909090909090909
thread_000121,121,1,ssn,20,0,5,0.65
thread_000122,122,1,ssn,20,0,1,0.8
thread_000123,123,1,ssn,16,0,2,0.75
thread_000124,124,1,ssn,20,0,3,0.6
thread_000125,125,1,ssn,18,0,1,0.7222222222222222
thread_000126,126,1,ssn,15,0,0,0.8
thread_000127,127,1,ssn,13,0,3,0.9230769230769231
thread_000128,128,1,ssn,16,0,3,0.6875
thread_000129,129,1,ssn,22,0,0,0.5909090909090909
thread_000130,130,1,ssn,14,0,1,0.6428571428571429
thread_000131,131,1,ssn,19,0,1,0.631578947368421
thread_000132,132,1,ssn,16,0,5,0.6875
thread_000133,133,1,ssn,18,0,5,0.7777777777777778
thread_000134,134,1,ssn,22,0,10,0.6363636363636364
thread_000135,135,1,ssn,20,0,6,0.65
thread_000136,136,1,ssn,16,0,8,0.75
thread_000137,137,1,ssn,10,0,2,0.7
thread_000138,138,1,ssn,19,0,0,0.631578947368421
thread_000139,139,1,ssn,18,0,5,0.6111111111111112
thread_000140,140,1,ssn,15,0,1,0.7333333333333333
thread_000141,141,1,ssn,19,0,7,0.7894736842105263
thread_000142,142,1,ssn,22,0,0,0.6818181818181818
thread_000143,143,1,ssn,14,0,0,0.8571428571428571
thread_000144,144,1,ssn,20,0,2,0.75
thread_000145,145,1,ssn,13,0,0,0.7692307692307693
thread_000146,146,1,ssn,17,0,0,0.6470588235294118
thread_000147,147,1,ssn,18,0,2,0.7222222222222222
thread_000148,148,1,ssn,16,0,1,0.75
thread_000149,149,1,ssn,14,0,1,0.7857142857142857
thread_000150,150,1,ssn,16,0,1,0.625
thread_000151,151,1,ssn,17,0,2,0.7058823529411765
thread_000152,152,1,ssn,16,0,3,0.6875
thread_000153,153,1,ssn,15,0,1,0.7333333333333333
thread_000154,154,1,ssn,12,0,0,0.75
thread_000155,155,1,ssn,15,0,1,0.7333333333333333
thread_000156,156,1,ssn,17,0,2,0.6470588235294118
thread_000157,157,1,ssn,22,0,1,0.5909090909090909
thread_000158,158,1,ssn,17,0,1,0.5294117647058824
thread_000159,159,1,ssn,19,0,2,0.7894736842105263
thread_000160,160,1,ssn,16,0,0,0.6875
thread_000161,161,1,ssn,25,0,3,0.6
thread_000162,162,1,ssn,20,0,2,0.55
thread_000163,163,1,ssn,20,0,0,0.65
thread_000164,164,1,ssn,18,0,1,0.6111111111111112
thread_000165,165,1,ssn,12,0,1,0.8333333333333334
thread_000166,166,1,ssn,10,0,0,0.7
thread_000167,167,1,ssn,14,0,1,0.7857142857142857
thread_000168,168,1,ssn,18,0,7,0.7222222222222222
thread_000169,169,1,ssn,17,0,5,0.7058823529411765
thread_000170,170,1,ssn,21,0,0,0.6190476190476191
thread_000171,171,1,ssn,12,0,2,0.5
thread_000172,172,1,ssn,18,0,2,0.8888888888888888
thread_000173,173,1,ssn,16,0,1,0.75
thread_000174,174,1,ssn,12,0,0,0.6666666666666666
thread_000175,175,1,ssn,20,0,2,0.6
thread_000176,176,1,ssn,17,0,1,0.7647058823529411
thread_000177,177,1,ssn,15,0,0,0.7333333333333333
thread_000178,178,1,ssn,17,0,2,0.7058823529411765
thread_000179,179,1,ssn,23,0,0,0.5652173913043478
thread_000180,180,1,ssn,12,0,0,0.8333333333333334
thread_000181,181,1,ssn,12,0,2,0.75
thread_000182,182,1,ssn,12,0,0,0.75
thread_000183,183,1,ssn,14,0,0,0.6428571428571429
thread_000184,184,1,ssn,9,0,1,0.7777777777777778
thread_000185,185,1,ssn,9,0,0,0.4444444444444444
thread_000186,186,1,ssn,15,0,0,0.6666666666666666
thread_000187,187,1,ssn,12,0,0,0.9166666666666666
thread_000188,188,1,ssn,12,0,0,0.75
thread_000189,189,1,ssn,19,0,1,0.6842105263157895
thread_000190,190,1,ssn,22,0,7,0.6363636363636364
thread_000191,191,1,ssn,20,0,10,0.6
thread_000192,192,1,ssn,13,0,1,0.7692307692307693
thread_000193,193,1,ssn,18,0,5,0.8333333333333334
thread_000194,194,1,ssn,23,0,3,0.5652173913043478
thread_000195,195,1,ssn,9,0,1,0.8888888888888888
thread_000196,196,1,ssn,23,0,1,0.6956521739130435
thread_000197,197,1,ssn,18,0,3,0.7222222222222222
thread_000198,198,1,ssn,16,0,6,0.75
thread_000199,199,1,ssn,21,0,7,0.6190476190476191
thread_000200,200,1,refund,18,0,18,0.6666666666666666
thread_000201,201,1,refund,16,0,15,0.625
thread_000202,202,1,refund,15,0,12,0.5333333333333333
thread_000203,203,1,refund,19,0,14,0.631578947368421
thread_000204,204,1,refund,17,0,12,0.35294117647058826
thread_000205,205,1,refund,16,0,11,0.5625
thread_000206,206,1,refund,21,0,13,0.5714285714285714
thread_000207,207,1,refund,14,0,5,0.6428571428571429
thread_000208,208,1,refund,13,0,6,0.6923076923076923
thread_000209,209,1,refund,16,0,12,0.8125
thread_000210,210,1,refund,9,0,6,0.5555555555555556
thread_000211,211,1,refund,17,0,11,0.5882352941176471
thread_000212,212,1,refund,15,0,7,0.8666666666666667
thread_000213,213,1,refund,15,0,10,0.6
thread_000214,214,1,refund,11,0,9,0.6363636363636364
thread_000215,215,1,refund,18,0,10,0.7222222222222222
thread_000216,216,1,refund,16,0,9,0.6875
thread_000217,217,1,refund,20,0,13,0.6
thread_000218,218,1,refund,21,0,11,0.5238095238095238
thread_000219,219,1,refund,19,0,11,0.5789473684210527
thread_000220,220,1,refund,13,0,7,0.6153846153846154
thread_000221,221,1,refund,20,0,5,0.7
thread_000222,222,1,refund,14,0,18,0.7857142857142857
thread_000223,223,1,refund,16,0,10,0.5
thread_000224,224,1,refund,18,0,19,0.7222222222222222
thread_000225,225,1,refund,20,0,11,0.8
thread_000226,226,1,refund,16,0,11,0.5625
thread_000227,227,1,refund,19,0,20,0.631578947368421
thread_000228,228,1,refund,13,0,13,0.6153846153846154
thread_000229,229,1,refund,20,0,16,0.6
thread_000230,230,1,refund,13,0,9,0.6153846153846154
thread_000231,231,1,refund,19,0,8,0.631578947368421
thread_000232,232,1,refund,14,0,8,0.6428571428571429
thread_000233,233,1,refund,13,0,13,0.6153846153846154
thread_000234,234,1,refund,24,0,13,0.625
thread_000235,235,1,refund,17,0,11,0.6470588235294118
thread_000236,236,1,refund,15,0,13,0.6666666666666666
thread_000237,237,1,refund,16,0,19,0.625
thread_000238,238,1,refund,23,0,10,0.5652173913043478
thread_000239,239,1,refund,9,0,0,0.8888888888888888
thread_000240,240,1,refund,15,0,15,0.7333333333333333
thread_000241,241,1,refund,18,0,13,0.5
thread_000242,242,1,refund,15,0,9,0.8
thread_000243,243,1,refund,14,0,10,0.2857142857142857
thread_000244,244,1,refund,16,0,8,0.625
thread_000245,245,1,refund,15,0,11,0.7333333333333333
thread_000246,246,1,refund,18,0,10,0.5555555555555556
thread_000247,247,1,refund,21,0,9,0.6190476190476191
thread_000248,248,1,refund,24,0,6,0.5
thread_000249,249,1,refund,20,0,9,0.55
thread_000250,250,1,refund,13,0,16,0.6923076923076923
thread_000251,251,1,refund,15,0,14,0.8
thread_000252,252,1,refund,16,0,25,0.75
thread_000253,253,1,refund,17,0,18,0.6470588235294118
thread_000254,254,1,refund,21,0,7,0.5714285714285714
thread_000255,255,1,refund,11,0,8,0.5454545454545454
thread_000256,256,1,refund,19,0,9,0.631578947368421
thread_000257,257,1,refund,22,0,16,0.5454545454545454
thread_000258,258,1,refund,17,0,14,0.6470588235294118
thread_000259,259,1,refund,17,0,18,0.6470588235294118
thread_000260,260,1,refund,15,0,17,0.5333333333333333
thread_000261,261,1,refund,13,0,11,0.6923076923076923
thread_000262,262,1,refund,14,0,14,0.7142857142857143
thread_000263,263,1,refund,13,0,13,0.46153846153846156
thread_000264,264,1,refund,22,0,8,0.6363636363636364
thread_000265,265,1,refund,19,0,9,0.6842105263157895
thread_000266,266,1,refund,15,0,19,0.8
thread_000267,267,1,refund,22,0,14,0.6363636363636364
thread_000268,268,1,refund,13,0,8,0.6153846153846154
thread_000269,269,1,refund,19,0,12,0.631578947368421
thread_000270,270,1,refund,18,0,9,0.7777777777777778
thread_000271,271,1,refund,21,0,3,0.5238095238095238
thread_000272,272,1,refund,20,0,10,0.6
thread_000273,273,1,refund,16,0,9,0.625
thread_000274,274,1,refund,21,0,15,0.5714285714285714
thread_000275,275,1,refund,15,0,13,0.7333333333333333
thread_000276,276,1,refund,20,0,10,0.5
thread_000277,277,1,refund,19,0,14,0.631578947368421
thread_000278,278,1,refund,15,0,10,0.5333333333333333
thread_000279,279,1,refund,20,0,13,0.55
thread_000280,280,1,refund,22,0,15,0.6363636363636364
thread_000281,281,1,refund,11,0,4,0.6363636363636364
thread_000282,282,1,refund,17,0,17,0.6470588235294118
thread_000283,283,1,refund,14,0,14,0.8571428571428571
thread_000284,284,1,refund,16,0,9,0.6875
thread_000285,285,1,refund,12,0,14,0.8333333333333334
thread_000286,286,1,refund,15,0,9,0.6666666666666666
thread_000287,287,1,refund,17,0,5,0.7058823529411765
thread_000288,288,1,refund,21,0,13,0.5238095238095238
thread_000289,289,1,refund,15,0,7,0.6666666666666666
thread_000290,290,1,refund,12,0,7,0.75
thread_000291,291,1,refund,17,0,15,0.6470588235294118
thread_000292,292,1,refund,22,0,13,0.5
thread_000293,293,1,refund,15,0,11,0.4666666666666667
thread_000294,294,1,refund,18,0,20,0.6666666666666666
thread_000295,295,1,refund,21,0,18,0.5238095238095238
thread_000296,296,1,refund,22,0,20,0.5454545454545454
thread_000297,297,1,refund,15,0,16,0.8
thread_000298,298,1,refund,16,0,16,0.625
thread_000299,299,1,refund,16,0,10,0.4375
thread_000300,300,1,refund,20,0,14,0.6
thread_000301,301,1,refund,11,0,8,0.8181818181818182
thread_000302,302,1,refund,15,0,13,0.7333333333333333
thread_000303,303,1,refund,21,0,11,0.5714285714285714
thread_000304,304,1,refund,20,0,14,0.45
thread_000305,305,1,refund,21,0,12,0.5714285714285714
thread_000306,306,1,refund,20,0,8,0.7
thread_000307,307,1,refund,17,0,12,0.6470588235294118
thread_000308,308,1,refund,16,0,14,0.5
thread_000309,309,1,refund,15,0,10,0.6666666666666666
thread_000310,310,1,refund,12,0,8,0.5833333333333334
thread_000311,311,1,refund,15,0,5,0.7333333333333333
thread_000312,312,1,refund,13,0,13,0.6923076923076923
thread_000313,313,1,refund,17,0,13,0.7058823529411765
thread_000314,314,1,refund,10,0,7,0.6
thread_000315,315,1,refund,15,0,15,0.6
thread_000316,316,1,refund,20,0,12,0.65
thread_000317,317,1,refund,19,0,11,0.5263157894736842
thread_000318,318,1,refund,19,0,7,0.5789473684210527
thread_000319,319,1,refund,17,0,8,0.7647058823529411
thread_000320,320,1,refund,16,0,12,0.5
thread_000321,321,1,refund,17,0,8,0.5294117647058824
thread_000322,322,1,refund,21,0,16,0.7142857142857143
thread_000323,323,1,refund,19,0,14,0.7368421052631579
thread_000324,324,1,refund,16,0,15,0.75
thread_000325,325,1,refund,14,0,7,0.6428571428571429
thread_000326,326,1,refund,16,0,19,0.625
thread_000327,327,1,refund,20,0,8,0.75
thread_000328,328,1,refund,13,0,8,0.6153846153846154
thread_000329,329,1,refund,9,0,9,0.6666666666666666
thread_000330,330,1,refund,16,0,7,0.5625
thread_000331,331,1,refund,15,0,10,0.6666666666666666
thread_000332,332,1,refund,19,0,12,0.631578947368421
thread_000333,333,1,refund,17,0,21,0.6470588235294118
thread_000334,334,1,refund,12,0,11,0.5833333333333334
thread_000335,335,1,refund,15,0,9,0.6666666666666666
thread_000336,336,1,refund,19,0,12,0.631578947368421
thread_000337,337,1,refund,20,0,11,0.5
thread_000338,338,1,refund,22,0,14,0.6363636363636364
thread_000339,339,1,refund,22,0,11,0.5909090909090909
thread_000340,340,1,refund,17,0,25,0.7647058823529411
thread_000341,341,1,refund,15,0,8,0.6666666666666666
thread_000342,342,1,refund,13,0,16,0.6923076923076923
thread_000343,343,1,refund,12,0,13,0.5833333333333334
thread_000344,344,1,refund,14,0,21,0.6428571428571429
thread_000345,345,1,refund,19,0,17,0.631578947368421
thread_000346,346,1,refund,24,0,13,0.4583333333333333
thread_000347,347,1,refund,18,0,18,0.6666666666666666
thread_000348,348,1,refund,18,0,6,0.6111111111111112
thread_000349,349,1,refund,13,0,14,0.6153846153846154
thread_000350,350,1,refund,23,0,14,0.5652173913043478
thread_000351,351,1,refund,22,0,10,0.5909090909090909
thread_000352,352,1,refund,18,0,10,0.5
thread_000353,353,1,refund,13,0,11,0.6923076923076923
thread_000354,354,1,refund,15,0,13,0.6666666666666666
thread_000355,355,1,refund,16,0,18,0.625
thread_000356,356,1,refund,28,0,16,0.6428571428571429
thread_000357,357,1,refund,15,0,12,0.6666666666666666
thread_000358,358,1,refund,20,0,13,0.55
thread_000359,359,1,refund,16,0,13,0.5
thread_000360,360,1,refund,12,0,8,0.6666666666666666
thread_000361,361,1,refund,9,0,12,0.5555555555555556
thread_000362,362,1,refund,23,0,21,0.6521739130434783
thread_000363,363,1,refund,17,0,18,0.7647058823529411
thread_000364,364,1,refund,15,0,11,0.6
thread_000365,365,1,refund,13,0,12,0.5384615384615384
thread_000366,366,1,refund,17,0,18,0.5882352941176471
thread_000367,367,1,refund,14,0,10,0.7857142857142857
thread_000368,368,1,refund,13,0,12,0.6153846153846154
thread_000369,369,1,refund,12,0,5,0.6666666666666666
thread_000370,370,1,refund,13,0,10,0.6923076923076923
thread_000371,371,1,refund,20,0,16,0.6
thread_000372,372,1,refund,21,0,10,0.5238095238095238
thread_000373,373,1,refund,16,0,18,0.6875
thread_000374,374,1,refund,15,0,7,0.7333333333333333
thread_000375,375,1,refund,17,0,10,0.6470588235294118
thread_000376,376,1,refund,13,0,14,0.7692307692307693
thread_000377,377,1,refund,17,0,18,0.5882352941176471
thread_000378,378,1,refund,18,0,8,0.7222222222222222
thread_000379,379,1,refund,16,0,17,0.625
thread_000380,380,1,refund,20,0,6,0.65
thread_000381,381,1,refund,20,0,11,0.65
thread_000382,382,1,refund,17,0,15,0.5294117647058824
thread_000383,383,1,refund,20,0,15,0.55
thread_000384,384,1,refund,20,0,17,0.75
thread_000385,385,1,refund,15,0,7,0.6666666666666666
thread_000386,386,1,refund,14,0,10,0.5714285714285714
thread_000387,387,1,refund,14,0,6,0.6428571428571429
thread_000388,388,1,refund,18,0,9,0.6666666666666666
thread_000389,389,1,refund,11,0,10,0.5454545454545454
thread_000390,390,1,refund,15,0,14,0.6
thread_000391,391,1,refund,18,0,21,0.6111111111111112
thread_000392,392,1,refund,13,0,15,0.8461538461538461
thread_000393,393,1,refund,12,0,5,0.8333333333333334
thread_000394,394,1,refund,19,0,11,0.7894736842105263
thread_000395,395,1,refund,16,0,12,0.6875
thread_000396,396,1,refund,9,0,9,0.4444444444444444
thread_000397,397,1,refund,18,0,11,0.7777777777777778
thread_000398,398,1,refund,19,0,17,0.5263157894736842
thread_000399,399,1,refund,17,0,15,0.5294117647058824
thread_000400,400,1,support,19,0,0,0.42105263157894735
thread_000401,401,1,support,18,0,0,0.5
thread_000402,402,1,support,10,0,0,0.7
thread_000403,403,1,support,11,0,0,0.8181818181818182
thread_000404,404,1,support,23,0,0,0.43478260869565216
thread_000405,405,1,support,23,0,4,0.5217391304347826
thread_000406,406,1,support,15,0,0,0.6
thread_000407,407,1,support,18,0,3,0.6111111111111112
thread_000408,408,1,support,18,0,0,0.6111111111111112
thread_000409,409,1,support,16,0,1,0.5625
thread_000410,410,1,support,22,0,0,0.5909090909090909
thread_000411,411,1,support,10,0,0,0.5
thread_000412,412,1,support,16,0,0,0.625
thread_000413,413,1,support,20,0,0,0.55
thread_000414,414,1,support,18,0,3,0.6111111111111112
thread_000415,415,1,support,20,0,0,0.55
thread_000416,416,1,support,25,1,0,0.48
thread_000417,417,1,support,23,1,0,0.6086956521739131
thread_000418,418,1,support,18,0,0,0.6111111111111112
thread_000419,419,1,support,18,0,0,0.6666666666666666
thread_000420,420,1,support,16,0,0,0.625
thread_000421,421,1,support,23,0,0,0.5652173913043478
thread_000422,422,1,support,13,0,0,0.46153846153846156
thread_000423,423,1,support,17,1,0,0.5882352941176471
thread_000424,424,1,support,17,1,0,0.5294117647058824
thread_000425,425,1,support,19,0,0,0.5789473684210527
thread_000426,426,1,support,18,0,0,0.6111111111111112
thread_000427,427,1,support,16,0,0,0.625
thread_000428,428,1,support,21,0,2,0.47619047619047616
thread_000429,429,1,support,19,0,6,0.631578947368421
thread_000430,430,1,support,16,0,0,0.5625
thread_000431,431,1,support,12,0,0,0.5
thread_000432,432,1,support,23,0,0,0.5652173913043478
thread_000433,433,1,support,16,0,0,0.5625
thread_000434,434,1,support,23,0,2,0.6956521739130435
thread_000435,435,1,support,14,0,0,0.6428571428571429
thread_000436,436,1,support,23,0,0,0.4782608695652174
thread_000437,437,1,support,11,0,0,0.8181818181818182
thread_000438,438,1,support,11,0,0,0.8181818181818182
thread_000439,439,1,support,10,0,0,0.6
thread_000440,440,1,support,13,0,2,0.5384615384615384
thread_000441,441,1,support,14,0,0,0.5714285714285714
thread_000442,442,1,support,23,0,0,0.5217391304347826
thread_000443,443,1,support,16,0,0,0.5625
thread_000444,444,1,support,27,0,0,0.5925925925925926
thread_000445,445,1,support,23,0,2,0.4782608695652174
thread_000446,446,1,support,17,0,0,0.6470588235294118
thread_000447,447,1,support,12,0,0,0.5
thread_000448,448,1,support,14,0,1,0.7142857142857143
thread_000449,449,1,support,21,0,0,0.5714285714285714
thread_000450,450,1,support,10,0,0,0.7
thread_000451,451,1,support,17,0,1,0.6470588235294118
thread_000452,452,1,support,19,0,2,0.5789473684210527
thread_000453,453,1,support,22,0,0,0.6363636363636364
thread_000454,454,1,support,24,0,4,0.5416666666666666
thread_000455,455,1,support,17,0,0,0.4117647058823529
thread_000456,456,1,support,12,0,0,0.5833333333333334
thread_000457,457,1,support,22,0,1,0.5
thread_000458,458,1,support,14,0,0,0.5
thread_000459,459,1,support,17,0,3,0.35294117647058826
thread_000460,460,1,support,12,0,0,0.5833333333333334
thread_000461,461,1,support,18,0,4,0.7222222222222222
thread_000462,462,1,support,18,0,0,0.6111111111111112
thread_000463,463,1,support,19,0,0,0.47368421052631576
thread_000464,464,1,support,18,0,1,0.5
thread_000465,465,1,support,14,0,0,0.5714285714285714
thread_000466,466,1,support,17,0,0,0.5294117647058824
thread_000467,467,1,support,14,0,0,0.7142857142857143
thread_000468,468,1,support,22,0,5,0.45454545454545453
thread_000469,469,1,support,14,0,0,0.6428571428571429
thread_000470,470,1,support,16,0,0,0.5
thread_000471,471,1,support,13,0,0,0.46153846153846156
thread_000472,472,1,support,20,0,0,0.45
thread_000473,473,1,support,18,0,6,0.5555555555555556
thread_000474,474,1,support,20,0,1,0.65
thread_000475,475,1,support,10,0,0,0.5
thread_000476,476,1,support,11,1,0,0.2727272727272727
thread_000477,477,1,support,12,0,1,0.8333333333333334
thread_000478,478,1,support,13,0,0,0.46153846153846156
thread_000479,479,1,support,11,0,1,0.45454545454545453
thread_000480,480,1,support,20,0,0,0.6
thread_000481,481,1,support,18,0,0,0.6666666666666666
thread_000482,482,1,support,14,0,0,0.5714285714285714
thread_000483,483,1,support,8,0,0,0.25
thread_000484,484,1,support,19,0,0,0.5789473684210527
thread_000485,485,1,support,21,0,4,0.6190476190476191
thread_000486,486,1,support,20,0,0,0.5
thread_000487,487,1,support,13,0,2,0.46153846153846156
thread_000488,488,1,support,13,0,0,0.6153846153846154
thread_000489,489,1,support,18,0,2,0.6111111111111112
thread_000490,490,1,support,13,0,0,0.6153846153846154
thread_000491,491,1,support,12,0,0,0.5
thread_000492,492,1,support,10,0,0,0.5
thread_000493,493,1,support,17,0,1,0.5294117647058824
thread_000494,494,1,support,25,0,1,0.44
thread_000495,495,1,support,17,0,0,0.5294117647058824
thread_000496,496,1,support,21,0,3,0.5238095238095238
thread_000497,497,1,support,13,0,0,0.5384615384615384
thread_000498,498,1,support,19,0,0,0.47368421052631576
thread_000499,499,1,support,22,0,0,0.5909090909090909
thread_000500,500,1,support,11,0,0,0.45454545454545453
thread_000501,501,1,support,12,0,0,0.6666666666666666
thread_000502,502,1,support,10,0,0,0.4
thread_000503,503,1,support,21,0,3,0.6190476190476191
thread_000504,504,1,support,15,0,3,0.6666666666666666
thread_000505,505,1,support,18,0,7,0.6111111111111112
thread_000506,506,1,support,18,0,0,0.6111111111111112
thread_000507,507,1,support,12,0,0,0.5
thread_000508,508,1,support,17,0,1,0.5882352941176471
thread_000509,509,1,support,10,0,0,0.8
thread_000510,510,1,support,15,0,0,0.6
thread_000511,511,1,support,19,0,0,0.5263157894736842
thread_000512,512,1,support,12,0,0,0.4166666666666667
thread_000513,513,1,support,22,0,1,0.5454545454545454
thread_000514,514,1,support,21,0,0,0.5238095238095238
thread_000515,515,1,support,17,0,2,0.5294117647058824
thread_000516,516,1,support,18,0,0,0.6666666666666666
thread_000517,517,1,support,18,0,0,0.4444444444444444
thread_000518,518,1,support,12,0,0,0.6666666666666666
thread_000519,519,1,support,13,0,0,0.7692307692307693
thread_000520,520,1,support,16,0,0,0.625
thread_000521,521,1,support,22,0,0,0.5909090909090909
thread_000522,522,1,support,13,0,5,0.8461538461538461
thread_000523,523,1,support,16,0,0,0.6875
thread_000524,524,1,support,25,1,0,0.64
thread_000525,525,1,support,15,0,0,0.5333333333333333
thread_000526,526,1,support,18,0,0,0.6111111111111112
thread_000527,527,1,support,20,0,0,0.5
thread_000528,528,1,support,21,0,0,0.5714285714285714
thread_000529,529,1,support,17,0,2,0.6470588235294118
thread_000530,530,1,support,14,0,0,0.6428571428571429
thread_000531,531,1,support,13,0,1,0.6923076923076923
thread_000532,532,1,support,18,0,0,0.5
thread_000533,533,1,support,21,0,0,0.5238095238095238
thread_000534,534,1,support,12,0,1,0.6666666666666666
thread_000535,535,1,support,19,1,1,0.47368421052631576
thread_000536,536,1,support,14,0,0,0.7142857142857143
thread_000537,537,1,support,20,0,0,0.5
thread_000538,538,1,support,13,0,0,0.38461538461538464
thread_000539,539,1,support,13,0,0,0.6923076923076923
thread_000540,540,1,support,7,0,0,0.5714285714285714
thread_000541,541,1,support,16,0,0,0.5625
thread_000542,542,1,support,17,0,3,0.6470588235294118
thread_000543,543,1,support,20,0,7,0.55
thread_000544,544,1,support,20,0,3,0.6
thread_000545,545,1,support,16,0,0,0.5
thread_000546,546,1,support,8,0,0,0.625
thread_000547,547,1,support,21,0,0,0.5714285714285714
thread_000548,548,1,support,17,0,0,0.47058823529411764
thread_000549,549,1,support,16,0,2,0.5
thread_000550,550,1,support,8,0,0,0.625
thread_000551,551,1,support,8,0,0,0.75
thread_000552,552,1,support,15,0,6,0.5333333333333333
thread_000553,553,1,support,18,0,0,0.5555555555555556
thread_000554,554,1,support,11,0,0,0.45454545454545453
thread_000555,555,1,support,20,0,1,0.55
thread_000556,556,1,support,22,0,0,0.5454545454545454
thread_000557,557,1,support,21,1,0,0.47619047619047616
thread_000558,558,1,support,28,0,3,0.5
thread_000559,559,1,support,19,0,0,0.5789473684210527
thread_000560,560,1,support,16,0,1,0.5
thread_000561,561,1,support,11,0,0,0.45454545454545453
thread_000562,562,1,support,8,0,0,0.625
thread_000563,563,1,support,28,0,0,0.42857142857142855
thread_000564,564,1,support,18,0,1,0.4444444444444444
thread_000565,565,1,support,13,0,2,0.6153846153846154
thread_000566,566,1,support,20,0,3,0.6
thread_000567,567,1,support,17,0,0,0.4117647058823529
thread_000568,568,1,support,19,0,2,0.5789473684210527
thread_000569,569,1,support,22,0,0,0.5454545454545454
thread_000570,570,1,support,17,0,0,0.5294117647058824
thread_000571,571,1,support,21,0,3,0.5714285714285714
thread_000572,572,1,support,14,0,0,0.5714285714285714
thread_000573,573,1,support,18,0,0,0.5
thread_000574,574,1,support,19,0,0,0.631578947368421
thread_000575,575,1,support,17,0,0,0.5294117647058824
thread_000576,576,1,support,18,0,1,0.7222222222222222
thread_000577,577,1,support,11,0,0,0.5454545454545454
thread_000578,578,1,support,16,1,0,0.6875
thread_000579,579,1,support,17,0,1,0.6470588235294118
thread_000580,580,1,support,20,0,0,0.55
thread_000581,581,1,support,11,0,0,0.5454545454545454
thread_000582,582,1,support,21,0,0,0.6190476190476191
thread_000583,583,1,support,17,0,0,0.5882352941176471
thread_000584,584,1,support,10,0,0,0.6
thread_000585,585,1,support,12,0,0,0.75
thread_000586,586,1,support,14,0,0,0.5714285714285714
thread_000587,587,1,support,16,0,1,0.5
thread_000588,588,1,support,10,0,0,0.6
thread_000589,589,1,support,15,0,2,0.6
thread_000590,590,1,support,19,0,0,0.5263157894736842
thread_000591,591,1,support,21,0,0,0.5714285714285714
thread_000592,592,1,support,13,0,0,0.6153846153846154
thread_000593,593,1,support,10,0,0,0.7
thread_000594,594,1,support,13,0,0,0.6153846153846154
thread_000595,595,1,support,14,0,0,0.5
thread_000596,596,1,support,20,0,0,0.55
thread_000597,597,1,support,19,0,0,0.47368421052631576
thread_000598,598,1,support,8,0,0,0.625
thread_000599,599,1,support,16,0,0,0.5
thread_000600,600,1,reward,19,0,10,0.7894736842105263
thread_000601,601,1,reward,22,0,11,0.5454545454545454
thread_000602,602,1,reward,10,0,6,0.6
thread_000603,603,1,reward,18,0,11,0.6666666666666666
thread_000604,604,1,reward,14,0,5,0.7142857142857143
thread_000605,605,1,reward,15,0,3,0.6666666666666666
thread_000606,606,1,reward,12,0,3,0.6666666666666666
thread_000607,607,1,reward,27,0,5,0.5185185185185185
thread_000608,608,1,reward,17,0,5,0.6470588235294118
thread_000609,609,1,reward,17,0,9,0.8235294117647058
thread_000610,610,1,reward,10,0,3,0.8
thread_000611,611,1,reward,25,0,6,0.8
thread_000612,612,1,reward,13,0,16,0.6923076923076923
thread_000613,613,1,reward,18,0,5,0.7777777777777778
thread_000614,614,1,reward,16,0,4,0.5625
thread_000615,615,1,reward,22,0,7,0.5909090909090909
thread_000616,616,1,reward,11,0,10,0.45454545454545453
thread_000617,617,1,reward,13,0,20,0.5384615384615384
thread_000618,618,1,reward,23,0,17,0.5652173913043478
thread_000619,619,1,reward,13,0,9,0.8461538461538461
thread_000620,620,1,reward,16,0,6,0.6875
thread_000621,621,1,reward,11,0,4,0.5454545454545454
thread_000622,622,1,reward,11,0,8,0.7272727272727273
thread_000623,623,1,reward,23,0,20,0.6521739130434783
thread_000624,624,1,reward,10,0,10,0.7
thread_000625,625,1,reward,9,0,12,0.6666666666666666
thread_000626,626,1,reward,21,0,6,0.5714285714285714
thread_000627,627,1,reward,13,0,6,0.6923076923076923
thread_000628,628,1,reward,12,0,3,0.5
thread_000629,629,1,reward,11,0,5,0.6363636363636364
thread_000630,630,1,reward,17,0,22,0.5882352941176471
thread_000631,631,1,reward,17,0,5,0.7058823529411765
thread_000632,632,1,reward,14,0,8,0.5714285714285714
thread_000633,633,1,reward,11,0,4,0.5454545454545454
thread_000634,634,1,reward,9,0,9,0.6666666666666666
thread_000635,635,1,reward,20,0,11,0.55
thread_000636,636,1,reward,15,0,11,0.6666666666666666
thread_000637,637,1,reward,11,0,3,0.7272727272727273
thread_000638,638,1,reward,12,0,4,0.5833333333333334
thread_000639,639,1,reward,19,0,5,0.7368421052631579
thread_000640,640,1,reward,13,0,3,0.6923076923076923
thread_000641,641,1,reward,17,0,13,0.6470588235294118
thread_000642,642,1,reward,15,0,7,0.6
thread_000643,643,1,reward,27,0,6,0.7407407407407407
thread_000644,644,1,reward,12,0,10,0.75
thread_000645,645,1,reward,15,0,6,0.7333333333333333
thread_000646,646,1,reward,15,0,3,0.6666666666666666
thread_000647,647,1,reward,14,0,3,0.9285714285714286
thread_000648,648,1,reward,19,0,13,0.5789473684210527
thread_000649,649,1,reward,14,0,4,0.5714285714285714
thread_000650,650,1,reward,21,0,12,0.7619047619047619
thread_000651,651,1,reward,19,0,16,0.6842105263157895
thread_000652,652,1,reward,12,0,5,0.6666666666666666
thread_000653,653,1,reward,10,0,5,0.7
thread_000654,654,1,reward,22,0,11,0.5
thread_000655,655,1,reward,25,0,7,0.6
thread_000656,656,1,reward,10,0,6,0.7
thread_000657,657,1,reward,20,0,8,0.7
thread_000658,658,1,reward,15,0,3,0.6
thread_000659,659,1,reward,10,0,10,0.5
thread_000660,660,1,reward,9,0,3,0.5555555555555556
thread_000661,661,1,reward,15,0,6,0.6
thread_000662,662,1,reward,20,0,9,0.5
thread_000663,663,1,reward,17,0,9,0.7647058823529411
thread_000664,664,1,reward,17,0,5,0.7058823529411765
thread_000665,665,1,reward,22,0,15,0.5454545454545454
thread_000666,666,1,reward,24,0,4,0.5416666666666666
thread_000667,667,1,reward,22,0,9,0.5454545454545454
thread_000668,668,1,reward,18,0,3,0.6111111111111112
thread_000669,669,1,reward,19,0,11,0.7368421052631579
thread_000670,670,1,reward,19,0,5,0.5789473684210527
thread_000671,671,1,reward,16,0,9,0.625
thread_000672,672,1,reward,18,0,6,0.6111111111111112
thread_000673,673,1,reward,18,0,7,0.7777777777777778
thread_000674,674,1,reward,14,0,6,0.7142857142857143
thread_000675,675,1,reward,13,0,7,0.6923076923076923
thread_000676,676,1,reward,9,0,5,0.6666666666666666
thread_000677,677,1,reward,20,0,6,0.6
thread_000678,678,1,reward,11,0,11,0.6363636363636364
thread_000679,679,1,reward,11,0,11,0.7272727272727273
thread_000680,680,1,reward,17,0,4,0.7058823529411765
thread_000681,681,1,reward,15,0,9,0.6666666666666666
thread_000682,682,1,reward,21,0,14,0.5714285714285714
thread_000683,683,1,reward,14,0,9,0.42857142857142855
thread_000684,684,1,reward,13,0,8,0.8461538461538461
thread_000685,685,1,reward,22,0,2,0.6363636363636364
thread_000686,686,1,reward,15,0,3,0.7333333333333333
thread_000687,687,1,reward,15,0,7,0.7333333333333333
thread_000688,688,1,reward,9,0,3,0.5555555555555556
thread_000689,689,1,reward,12,0,5,0.5833333333333334
thread_000690,690,1,reward,13,0,6,0.7692307692307693
thread_000691,691,1,reward,10,0,7,0.8
thread_000692,692,1,reward,11,0,9,0.7272727272727273
thread_000693,693,1,reward,20,0,3,0.55
thread_000694,694,1,reward,14,0,6,0.8571428571428571
thread_000695,695,1,reward,21,0,4,0.6666666666666666
thread_000696,696,1,reward,21,0,18,0.6190476190476191
thread_000697,697,1,reward,12,0,7,0.6666666666666666
thread_000698,698,1,reward,14,0,3,0.6428571428571429
thread_000699,699,1,reward,18,0,9,0.6666666666666666
thread_000700,700,1,reward,14,0,4,0.7857142857142857
thread_000701,701,1,reward,16,0,21,0.5625
thread_000702,702,1,reward,23,0,5,0.6521739130434783
thread_000703,703,1,reward,20,0,11,0.75
thread_000704,704,1,reward,11,0,7,0.7272727272727273
thread_000705,705,1,reward,19,0,5,0.5263157894736842
thread_000706,706,1,reward,17,0,4,0.47058823529411764
thread_000707,707,1,reward,12,0,13,0.8333333333333334
thread_000708,708,1,reward,15,0,5,0.7333333333333333
thread_000709,709,1,reward,17,0,7,0.5882352941176471
thread_000710,710,1,reward,23,0,7,0.6086956521739131
thread_000711,711,1,reward,19,0,5,0.7368421052631579
thread_000712,712,1,reward,15,0,17,0.6
thread_000713,713,1,reward,24,0,12,0.5833333333333334
thread_000714,714,1,reward,19,0,5,0.631578947368421
thread_000715,715,1,reward,15,0,3,0.5333333333333333
thread_000716,716,1,reward,17,0,5,0.8235294117647058
thread_000717,717,1,reward,15,0,4,0.7333333333333333
thread_000718,718,1,reward,20,0,9,0.6
thread_000719,719,1,reward,18,0,14,0.7222222222222222
thread_000720,720,1,reward,13,0,2,0.6923076923076923
thread_000721,721,1,reward,17,0,6,0.7058823529411765
thread_000722,722,1,reward,15,0,18,0.8
thread_000723,723,1,reward,13,0,11,0.7692307692307693
thread_000724,724,1,reward,26,0,12,0.6538461538461539
thread_000725,725,1,reward,12,0,14,0.75
thread_000726,726,1,reward,15,0,9,0.8
thread_000727,727,1,reward,11,0,3,0.7272727272727273
thread_000728,728,1,reward,12,0,6,0.6666666666666666
thread_000729,729,1,reward,16,0,7,0.5625
thread_000730,730,1,reward,17,0,7,0.47058823529411764
thread_000731,731,1,reward,12,0,2,0.75
thread_000732,732,1,reward,13,0,4,0.7692307692307693
thread_000733,733,1,reward,11,0,5,0.7272727272727273
thread_000734,734,1,reward,13,0,18,0.5384615384615384
thread_000735,735,1,reward,20,0,9,0.6
thread_000736,736,1,reward,11,0,6,0.7272727272727273
thread_000737,737,1,reward,9,0,4,0.5555555555555556
thread_000738,738,1,reward,13,0,4,0.5384615384615384
thread_000739,739,1,reward,20,0,5,0.7
thread_000740,740,1,reward,11,0,6,0.7272727272727273
thread_000741,741,1,reward,19,0,5,0.5789473684210527
thread_000742,742,1,reward,21,0,4,0.7142857142857143
thread_000743,743,1,reward,13,0,5,0.5384615384615384
thread_000744,744,1,reward,19,0,8,0.7368421052631579
thread_000745,745,1,reward,19,0,2,0.5789473684210527
thread_000746,746,1,reward,25,0,6,0.64
thread_000747,747,1,reward,17,0,11,0.7647058823529411
thread_000748,748,1,reward,22,0,7,0.6363636363636364
thread_000749,749,1,reward,13,0,15,0.6153846153846154
thread_000750,750,1,reward,23,0,8,0.6521739130434783
thread_000751,751,1,reward,22,0,3,0.6363636363636364
thread_000752,752,1,reward,18,0,4,0.7222222222222222
thread_000753,753,1,reward,13,0,22,0.5384615384615384
thread_000754,754,1,reward,17,0,7,0.7058823529411765
thread_000755,755,1,reward,20,0,6,0.75
thread_000756,756,1,reward,23,0,13,0.6521739130434783
thread_000757,757,1,reward,15,0,9,0.6666666666666666
thread_000758,758,1,reward,14,0,8,0.6428571428571429
thread_000759,759,1,reward,19,0,5,0.631578947368421
thread_000760,760,1,reward,15,0,3,0.5333333333333333
thread_000761,761,1,reward,15,0,4,0.6666666666666666
thread_000762,762,1,reward,20,0,21,0.7
thread_000763,763,1,reward,17,0,8,0.5882352941176471
thread_000764,764,1,reward,13,0,4,0.5384615384615384
thread_000765,765,1,reward,21,0,8,0.6190476190476191
thread_000766,766,1,reward,15,0,6,0.7333333333333333
thread_000767,767,1,reward,14,0,3,0.7142857142857143
thread_000768,768,1,reward,22,0,18,0.5454545454545454
thread_000769,769,1,reward,13,0,3,0.7692307692307693
thread_000770,770,1,reward,10,0,9,0.6
thread_000771,771,1,reward,15,0,10,0.7333333333333333
thread_000772,772,1,reward,11,0,13,0.45454545454545453
thread_000773,773,1,reward,21,0,5,0.7142857142857143
thread_000774,774,1,reward,24,0,10,0.625
thread_000775,775,1,reward,26,0,4,0.5769230769230769
thread_000776,776,1,reward,12,0,3,0.5833333333333334
thread_000777,777,1,reward,11,0,15,0.6363636363636364
thread_000778,778,1,reward,25,0,10,0.52
thread_000779,779,1,reward,17,0,9,0.6470588235294118
thread_000780,780,1,reward,17,0,4,0.7058823529411765
thread_000781,781,1,reward,10,0,6,0.8
thread_000782,782,1,reward,20,0,4,0.6
thread_000783,783,1,reward,14,0,3,0.7857142857142857
thread_000784,784,1,reward,22,0,7,0.6818181818181818
thread_000785,785,1,reward,8,0,3,0.875
thread_000786,786,1,reward,24,0,10,0.625
thread_000787,787,1,reward,16,0,7,0.625
thread_000788,788,1,reward,17,0,4,0.5882352941176471
thread_000789,789,1,reward,23,0,4,0.5217391304347826
thread_000790,790,1,reward,13,0,2,0.7692307692307693
thread_000791,791,1,reward,22,0,27,0.6818181818181818
thread_000792,792,1,reward,17,0,6,0.5882352941176471
thread_000793,793,1,reward,9,0,5,0.6666666666666666
thread_000794,794,1,reward,19,0,7,0.7894736842105263
thread_000795,795,1,reward,22,0,8,0.8181818181818182
thread_000796,796,1,reward,16,0,7,0.6875
thread_000797,797,1,reward,19,0,10,0.5263157894736842
thread_000798,798,1,reward,13,0,4,0.6153846153846154
thread_000799,799,1,reward,10,0,4,0.7
thread_000800,800,0,delivery,12,0,0,0.75
thread_000801,801,0,delivery,8,0,0,0.625
thread_000802,802,0,delivery,13,0,0,0.46153846153846156
thread_000803,803,0,delivery,11,0,0,0.6363636363636364
thread_000804,804,0,delivery,13,0,0,0.5384615384615384
thread_000805,805,0,delivery,10,0,1,0.5
thread_000806,806,0,delivery,12,0,0,0.75
thread_000807,807,0,delivery,10,0,0,0.4
thread_000808,808,0,delivery,10,0,1,0.6
thread_000809,809,0,delivery,13,0,0,0.46153846153846156
thread_000810,810,0,delivery,14,0,0,0.35714285714285715
thread_000811,811,0,delivery,13,0,3,0.46153846153846156
thread_000812,812,0,delivery,14,0,0,0.5
thread_000813,813,0,delivery,13,0,1,0.46153846153846156
thread_000814,814,0,delivery,10,0,0,0.5
thread_000815,815,0,delivery,10,0,0,0.7
thread_000816,816,0,delivery,12,0,2,0.5
thread_000817,817,0,delivery,12,0,1,0.5
thread_000818,818,0,delivery,12,0,2,0.5
thread_000819,819,0,delivery,12,0,0,0.5
thread_000820,820,0,delivery,10,0,0,0.5
thread_000821,821,0,delivery,12,0,1,0.5
thread_000822,822,0,delivery,13,0,0,0.46153846153846156
thread_000823,823,0,delivery,10,0,0,0.4
thread_000824,824,0,delivery,14,0,0,0.42857142857142855
thread_000825,825,0,delivery,12,0,0,0.5833333333333334
thread_000826,826,0,delivery,10,0,1,0.6
thread_000827,827,0,delivery,12,0,0,0.5833333333333334
thread_000828,828,0,delivery,12,0,1,0.5
thread_000829,829,0,delivery,11,0,0,0.5454545454545454
thread_000830,830,0,delivery,12,0,0,0.5
thread_000831,831,0,delivery,10,0,0,0.5
thread_000832,832,0,delivery,13,0,1,0.46153846153846156
thread_000833,833,0,delivery,12,0,0,0.75
thread_000834,834,0,delivery,14,0,1,0.42857142857142855
thread_000835,835,0,delivery,14,0,0,0.6428571428571429
thread_000836,836,0,delivery,14,0,0,0.5714285714285714
thread_000837,837,0,delivery,14,0,1,0.2857142857142857
thread_000838,838,0,delivery,12,0,2,0.6666666666666666
thread_000839,839,0,delivery,13,0,0,0.5384615384615384
thread_000840,840,0,delivery,11,0,1,0.6363636363636364
thread_000841,841,0,delivery,13,0,1,0.46153846153846156
thread_000842,842,0,delivery,13,0,1,0.5384615384615384
thread_000843,843,0,delivery,17,0,1,0.47058823529411764
thread_000844,844,0,delivery,13,0,0,0.5384615384615384
thread_000845,845,0,delivery,13,0,0,0.6153846153846154
thread_000846,846,0,delivery,13,0,0,0.5384615384615384
thread_000847,847,0,delivery,12,0,0,0.3333333333333333
thread_000848,848,0,delivery,12,0,0,0.5833333333333334
thread_000849,849,0,delivery,14,0,0,0.5714285714285714
thread_000850,850,0,delivery,10,0,0,0.7
thread_000851,851,0,delivery,12,0,1,0.4166666666666667
thread_000852,852,0,delivery,10,0,1,0.7
thread_000853,853,0,delivery,11,0,0,0.5454545454545454
thread_000854,854,0,delivery,10,0,0,0.5
thread_000855,855,0,delivery,8,0,1,0.625
thread_000856,856,0,delivery,10,0,0,0.7
thread_000857,857,0,delivery,12,0,0,0.5833333333333334
thread_000858,858,0,delivery,10,0,0,0.6
thread_000859,859,0,delivery,10,0,0,0.6
thread_000860,860,0,delivery,12,0,1,0.4166666666666667
thread_000861,861,0,delivery,12,0,1,0.5
thread_000862,862,0,delivery,10,0,0,0.6
thread_000863,863,0,delivery,9,0,0,0.3333333333333333
thread_000864,864,0,delivery,10,0,4,0.5
thread_000865,865,0,delivery,10,0,0,0.5
thread_000866,866,0,delivery,13,0,0,0.46153846153846156
thread_000867,867,0,delivery,12,0,1,0.4166666666666667
thread_000868,868,0,delivery,10,0,0,0.5
thread_000869,869,0,delivery,10,0,1,0.6
thread_000870,870,0,delivery,12,0,1,0.5833333333333334
thread_000871,871,0,delivery,11,0,1,0.5454545454545454
thread_000872,872,0,delivery,10,0,1,0.4
thread_000873,873,0,delivery,9,0,0,0.3333333333333333
thread_000874,874,0,delivery,13,0,1,0.46153846153846156
thread_000875,875,0,delivery,11,0,1,0.5454545454545454
thread_000876,876,0,delivery,12,0,0,0.6666666666666666
thread_000877,877,0,delivery,12,0,2,0.5
thread_000878,878,0,delivery,10,0,1,0.5
thread_000879,879,0,delivery,15,0,0,0.6666666666666666
thread_000880,880,0,delivery,11,0,0,0.7272727272727273
thread_000881,881,0,delivery,8,0,0,0.625
thread_000882,882,0,delivery,10,0,0,0.5
thread_000883,883,0,delivery,12,0,1,0.5
thread_000884,884,0,delivery,8,0,3,0.75
thread_000885,885,0,delivery,12,0,0,0.4166666666666667
thread_000886,886,0,delivery,12,0,0,0.5
thread_000887,887,0,delivery,10,0,0,0.6
thread_000888,888,0,delivery,10,0,1,0.8
thread_000889,889,0,delivery,12,0,1,0.5833333333333334
thread_000890,890,0,delivery,12,0,3,0.6666666666666666
thread_000891,891,0,delivery,10,0,0,0.6
thread_000892,892,0,delivery,10,0,1,0.5
thread_000893,893,0,delivery,14,0,3,0.42857142857142855
thread_000894,894,0,delivery,10,0,0,0.5
thread_000895,895,0,delivery,12,0,1,0.5
thread_000896,896,0,delivery,10,0,1,0.3
thread_000897,897,0,delivery,11,0,0,0.5454545454545454
thread_000898,898,0,delivery,15,0,2,0.4
thread_000899,899,0,delivery,11,0,0,0.36363636363636365
thread_000900,900,0,delivery,10,0,0,0.7
thread_000901,901,0,delivery,10,0,0,0.5
thread_000902,902,0,delivery,14,0,0,0.5714285714285714
thread_000903,903,0,delivery,14,0,0,0.5
thread_000904,904,0,delivery,10,0,0,0.6
thread_000905,905,0,delivery,11,0,1,0.45454545454545453
thread_000906,906,0,delivery,12,0,2,0.4166666666666667
thread_000907,907,0,delivery,12,0,0,0.5833333333333334
thread_000908,908,0,delivery,9,0,0,0.5555555555555556
thread_000909,909,0,delivery,8,0,1,0.625
thread_000910,910,0,delivery,8,0,1,0.75
thread_000911,911,0,delivery,14,0,4,0.42857142857142855
thread_000912,912,0,delivery,10,0,0,0.6
thread_000913,913,0,delivery,10,0,0,0.6
thread_000914,914,0,delivery,12,0,1,0.5833333333333334
thread_000915,915,0,delivery,10,0,1,0.5
thread_000916,916,0,delivery,8,0,0,0.75
thread_000917,917,0,delivery,10,0,0,0.4
thread_000918,918,0,delivery,12,0,0,0.5
thread_000919,919,0,delivery,13,0,1,0.5384615384615384
thread_000920,920,0,delivery,8,0,0,0.625
thread_000921,921,0,delivery,14,0,0,0.42857142857142855
thread_000922,922,0,delivery,12,0,2,0.5833333333333334
thread_000923,923,0,delivery,11,0,0,0.45454545454545453
thread_000924,924,0,delivery,10,0,1,0.6
thread_000925,925,0,delivery,12,0,1,0.5833333333333334
thread_000926,926,0,delivery,10,0,0,0.5
thread_000927,927,0,delivery,10,0,0,0.6
thread_000928,928,0,delivery,9,0,0,0.4444444444444444
thread_000929,929,0,delivery,14,0,1,0.42857142857142855
thread_000930,930,0,delivery,12,0,1,0.4166666666666667
thread_000931,931,0,delivery,10,0,0,0.5
thread_000932,932,0,delivery,12,0,0,0.4166666666666667
thread_000933,933,0,delivery,12,0,0,0.5
thread_000934,934,0,delivery,12,0,0,0.4166666666666667
thread_000935,935,0,delivery,12,0,1,0.5
thread_000936,936,0,delivery,10,0,0,0.4
thread_000937,937,0,delivery,12,0,1,0.5
thread_000938,938,0,delivery,10,0,1,0.5
thread_000939,939,0,delivery,10,0,0,0.6
thread_000940,940,0,delivery,12,0,2,0.5833333333333334
thread_000941,941,0,delivery,10,0,0,0.7
thread_000942,942,0,delivery,10,0,0,0.6
thread_000943,943,0,delivery,10,0,2,0.6
thread_000944,944,0,delivery,10,0,0,0.7
thread_000945,945,0,delivery,9,0,0,0.4444444444444444
thread_000946,946,0,delivery,13,0,1,0.46153846153846156
thread_000947,947,0,delivery,8,0,1,0.875
thread_000948,948,0,delivery,11,0,0,0.5454545454545454
thread_000949,949,0,delivery,11,0,0,0.6363636363636364
thread_000950,950,0,delivery,13,0,0,0.38461538461538464
thread_000951,951,0,delivery,11,0,1,0.45454545454545453
thread_000952,952,0,delivery,10,0,0,0.6
thread_000953,953,0,delivery,10,0,0,0.7
thread_000954,954,0,delivery,12,0,1,0.4166666666666667
thread_000955,955,0,delivery,10,0,0,0.4
thread_000956,956,0,delivery,10,0,1,0.5
thread_000957,957,0,delivery,12,0,0,0.5
thread_000958,958,0,delivery,10,0,0,0.6
thread_000959,959,0,delivery,10,0,0,0.7
thread_000960,960,0,delivery,11,0,0,0.36363636363636365
thread_000961,961,0,delivery,10,0,1,0.5
thread_000962,962,0,delivery,12,0,2,0.5
thread_000963,963,0,delivery,10,0,2,0.6
thread_000964,964,0,delivery,10,0,0,0.6
thread_000965,965,0,delivery,12,0,0,0.8333333333333334
thread_000966,966,0,delivery,12,0,0,0.5
thread_000967,967,0,delivery,10,0,2,0.6
thread_000968,968,0,delivery,11,0,0,0.6363636363636364
thread_000969,969,0,delivery,10,0,0,0.5
thread_000970,970,0,delivery,14,0,0,0.5
thread_000971,971,0,delivery,10,0,0,0.7
thread_000972,972,0,delivery,10,0,1,0.5
thread_000973,973,0,delivery,8,0,1,0.5
thread_000974,974,0,delivery,10,0,0,0.6
thread_000975,975,0,delivery,14,0,1,0.5
thread_000976,976,0,delivery,9,0,1,0.5555555555555556
thread_000977,977,0,delivery,14,0,4,0.42857142857142855
thread_000978,978,0,delivery,10,0,1,0.5
thread_000979,979,0,delivery,10,0,3,0.6
thread_000980,980,0,delivery,12,0,1,0.5833333333333334
thread_000981,981,0,delivery,10,0,0,0.6
thread_000982,982,0,delivery,11,0,0,0.5454545454545454
thread_000983,983,0,delivery,12,0,1,0.5833333333333334
thread_000984,984,0,delivery,10,0,0,0.4
thread_000985,985,0,delivery,12,0,0,0.5833333333333334
thread_000986,986,0,delivery,11,0,1,0.45454545454545453
thread_000987,987,0,delivery,12,0,0,0.5833333333333334
thread_000988,988,0,delivery,12,0,0,0.5833333333333334
thread_000989,989,0,delivery,12,0,0,0.5833333333333334
thread_000990,990,0,delivery,12,0,2,0.5833333333333334
thread_000991,991,0,delivery,8,0,2,0.875
thread_000992,992,0,delivery,10,0,0,0.4
thread_000993,993,0,delivery,8,0,1,0.75
thread_000994,994,0,delivery,10,0,1,0.6
thread_000995,995,0,delivery,8,0,0,0.75
thread_000996,996,0,delivery,12,0,0,0.6666666666666666
thread_000997,997,0,delivery,12,0,0,0.3333333333333333
thread_000998,998,0,delivery,8,0,0,0.5
thread_000999,999,0,delivery,12,0,2,0.5833333333333334
thread_001000,1000,0,insurance,12,0,0,0.6666666666666666
thread_001001,1001,0,insurance,11,0,0,0.6363636363636364
thread_001002,1002,0,insurance,13,0,1,0.5384615384615384
thread_001003,1003,0,insurance,11,0,0,0.7272727272727273
thread_001004,1004,0,insurance,11,0,2,0.7272727272727273
thread_001005,1005,0,insurance,15,0,2,0.6
thread_001006,1006,0,insurance,10,0,4,0.5
thread_001007,1007,0,insurance,11,0,0,0.7272727272727273
thread_001008,1008,0,insurance,11,0,0,0.6363636363636364
thread_001009,1009,0,insurance,13,0,0,0.5384615384615384
thread_001010,1010,0,insurance,13,0,2,0.6923076923076923
thread_001011,1011,0,insurance,11,0,4,0.6363636363636364
thread_001012,1012,0,insurance,11,0,0,0.7272727272727273
thread_001013,1013,0,insurance,11,0,0,0.6363636363636364
thread_001014,1014,0,insurance,10,0,1,0.9
thread_001015,1015,0,insurance,12,0,1,0.75
thread_001016,1016,0,insurance,14,0,0,0.5
thread_001017,1017,0,insurance,13,0,4,0.6923076923076923
thread_001018,1018,0,insurance,15,0,2,0.6
thread_001019,1019,0,insurance,10,0,1,0.6
thread_001020,1020,0,insurance,8,0,1,0.625
thread_001021,1021,0,insurance,9,0,0,0.6666666666666666
thread_001022,1022,0,insurance,13,0,0,0.6923076923076923
thread_001023,1023,0,insurance,12,0,0,0.5833333333333334
thread_001024,1024,0,insurance,9,0,0,0.7777777777777778
thread_001025,1025,0,insurance,10,0,0,0.6
thread_001026,1026,0,insurance,12,0,0,0.5
thread_001027,1027,0,insurance,13,0,0,0.46153846153846156
thread_001028,1028,0,insurance,12,0,1,0.5833333333333334
thread_001029,1029,0,insurance,13,0,1,0.7692307692307693
thread_001030,1030,0,insurance,13,0,1,0.6153846153846154
thread_001031,1031,0,insurance,11,0,0,0.6363636363636364
thread_001032,1032,0,insurance,13,0,0,0.8461538461538461
thread_001033,1033,0,insurance,11,0,0,0.8181818181818182
thread_001034,1034,0,insurance,11,0,0,0.6363636363636364
thread_001035,1035,0,insurance,12,0,0,0.6666666666666666
thread_001036,1036,0,insurance,15,0,2,0.5333333333333333
thread_001037,1037,0,insurance,13,0,1,0.6153846153846154
thread_001038,1038,0,insurance,12,0,1,0.6666666666666666
thread_001039,1039,0,insurance,10,0,0,0.7
thread_001040,1040,0,insurance,13,0,1,0.7692307692307693
thread_001041,1041,0,insurance,10,0,0,0.8
thread_001042,1042,0,insurance,11,0,0,0.6363636363636364
thread_001043,1043,0,insurance,10,0,2,0.7
thread_001044,1044,0,insurance,10,0,0,0.6
thread_001045,1045,0,insurance,11,0,0,0.6363636363636364
thread_001046,1046,0,insurance,14,0,0,0.5714285714285714
thread_001047,1047,0,insurance,12,0,0,0.5833333333333334
thread_001048,1048,0,insurance,12,0,1,0.5833333333333334
thread_001049,1049,0,insurance,9,0,0,0.6666666666666666
thread_001050,1050,0,insurance,11,0,4,0.8181818181818182
thread_001051,1051,0,insurance,14,0,0,0.7857142857142857
thread_001052,1052,0,insurance,13,0,4,0.46153846153846156
thread_001053,1053,0,insurance,13,0,4,0.8461538461538461
thread_001054,1054,0,insurance,10,0,0,0.8
thread_001055,1055,0,insurance,13,0,0,0.7692307692307693
thread_001056,1056,0,insurance,15,0,3,0.6666666666666666
thread_001057,1057,0,insurance,12,0,1,0.6666666666666666
thread_001058,1058,0,insurance,11,0,0,0.6363636363636364
thread_001059,1059,0,insurance,9,0,0,0.7777777777777778
thread_001060,1060,0,insurance,11,0,0,0.6363636363636364
thread_001061,1061,0,insurance,14,0,0,0.7857142857142857
thread_001062,1062,0,insurance,15,0,2,0.5333333333333333
thread_001063,1063,0,insurance,10,0,0,0.6
thread_001064,1064,0,insurance,17,0,0,0.6470588235294118
thread_001065,1065,0,insurance,10,0,0,0.6
thread_001066,1066,0,insurance,13,0,2,0.5384615384615384
thread_001067,1067,0,insurance,11,0,1,0.7272727272727273
thread_001068,1068,0,insurance,11,0,0,0.7272727272727273
thread_001069,1069,0,insurance,11,0,4,0.7272727272727273
thread_001070,1070,0,insurance,11,0,2,0.6363636363636364
thread_001071,1071,0,insurance,10,0,1,0.5
thread_001072,1072,0,insurance,15,0,0,0.6666666666666666
thread_001073,1073,0,insurance,14,0,1,0.5714285714285714
thread_001074,1074,0,insurance,14,0,1,0.42857142857142855
thread_001075,1075,0,insurance,12,0,0,0.5833333333333334
thread_001076,1076,0,insurance,12,0,1,0.5833333333333334
thread_001077,1077,0,insurance,17,0,1,0.5882352941176471
thread_001078,1078,0,insurance,12,0,0,0.4166666666666667
thread_001079,1079,0,insurance,12,0,0,0.6666666666666666
thread_001080,1080,0,insurance,13,0,0,0.6153846153846154
thread_001081,1081,0,insurance,12,0,2,0.6666666666666666
thread_001082,1082,0,insurance,11,0,1,0.5454545454545454
thread_001083,1083,0,insurance,12,0,0,0.75
thread_001084,1084,0,insurance,10,0,0,0.8
thread_001085,1085,0,insurance,12,0,0,0.5833333333333334
thread_001086,1086,0,insurance,12,0,1,0.6666666666666666
thread_001087,1087,0,insurance,14,0,0,0.6428571428571429
thread_001088,1088,0,insurance,10,0,0,0.5
thread_001089,1089,0,insurance,12,0,0,0.5
thread_001090,1090,0,insurance,14,0,1,0.5714285714285714
thread_001091,1091,0,insurance,10,0,2,0.6
thread_001092,1092,0,insurance,13,0,1,0.7692307692307693
thread_001093,1093,0,insurance,11,0,1,0.6363636363636364
thread_001094,1094,0,insurance,13,0,4,0.5384615384615384
thread_001095,1095,0,insurance,12,0,0,0.5833333333333334
thread_001096,1096,0,insurance,11,0,2,0.8181818181818182
thread_001097,1097,0,insurance,13,0,1,0.6153846153846154
thread_001098,1098,0,insurance,12,0,2,0.6666666666666666
thread_001099,1099,0,insurance,13,0,0,0.6923076923076923
thread_001100,1100,0,insurance,11,0,1,0.6363636363636364
thread_001101,1101,0,insurance,11,0,0,0.5454545454545454
thread_001102,1102,0,insurance,13,0,0,0.6923076923076923
thread_001103,1103,0,insurance,9,0,0,0.6666666666666666
thread_001104,1104,0,insurance,12,0,0,0.6666666666666666
thread_001105,1105,0,insurance,13,0,1,0.6923076923076923
thread_001106,1106,0,insurance,12,0,3,0.6666666666666666
thread_001107,1107,0,insurance,12,0,4,0.6666666666666666
thread_001108,1108,0,insurance,16,0,3,0.5
thread_001109,1109,0,insurance,12,0,1,0.8333333333333334
thread_001110,1110,0,insurance,10,0,0,0.6
thread_001111,1111,0,insurance,11,0,0,0.6363636363636364
thread_001112,1112,0,insurance,12,0,0,0.5
thread_001113,1113,0,insurance,12,0,0,0.5833333333333334
thread_001114,1114,0,insurance,15,0,1,0.5333333333333333
thread_001115,1115,0,insurance,11,0,0,0.8181818181818182
thread_001116,1116,0,insurance,10,0,0,0.8
thread_001117,1117,0,insurance,14,0,1,0.5714285714285714
thread_001118,1118,0,insurance,10,0,3,0.8
thread_001119,1119,0,insurance,11,0,0,0.8181818181818182
thread_001120,1120,0,insurance,11,0,1,0.7272727272727273
thread_001121,1121,0,insurance,13,0,1,0.46153846153846156
thread_001122,1122,0,insurance,14,0,0,0.5714285714285714
thread_001123,1123,0,insurance,9,0,2,0.5555555555555556
thread_001124,1124,0,insurance,10,0,1,0.6
thread_001125,1125,0,insurance,12,0,1,0.6666666666666666
thread_001126,1126,0,insurance,12,0,5,0.6666666666666666
thread_001127,1127,0,insurance,12,0,1,0.5833333333333334
thread_001128,1128,0,insurance,14,0,0,0.6428571428571429
thread_001129,1129,0,insurance,9,0,2,0.7777777777777778
thread_001130,1130,0,insurance,13,0,0,0.6923076923076923
thread_001131,1131,0,insurance,11,0,0,0.9090909090909091
thread_001132,1132,0,insurance,14,0,3,0.5
thread_001133,1133,0,insurance,12,0,1,0.5833333333333334
thread_001134,1134,0,insurance,11,0,2,0.6363636363636364
thread_001135,1135,0,insurance,11,0,0,0.6363636363636364
thread_001136,1136,0,insurance,13,0,0,0.5384615384615384
thread_001137,1137,0,insurance,13,0,1,0.46153846153846156
thread_001138,1138,0,insurance,10,0,0,0.6
thread_001139,1139,0,insurance,13,0,0,0.5384615384615384
thread_001140,1140,0,insurance,12,0,4,0.8333333333333334
thread_001141,1141,0,insurance,12,0,0,0.5833333333333334
thread_001142,1142,0,insurance,10,0,0,0.8
thread_001143,1143,0,insurance,14,0,0,0.6428571428571429
thread_001144,1144,0,insurance,11,0,1,0.8181818181818182
thread_001145,1145,0,insurance,12,0,0,0.5833333333333334
thread_001146,1146,0,insurance,13,0,1,0.6153846153846154
thread_001147,1147,0,insurance,13,0,0,0.6923076923076923
thread_001148,1148,0,insurance,11,0,0,0.8181818181818182
thread_001149,1149,0,insurance,11,0,0,0.8181818181818182
thread_001150,1150,0,insurance,12,0,1,0.5
thread_001151,1151,0,insurance,10,0,1,1.0
thread_001152,1152,0,insurance,12,0,0,0.5
thread_001153,1153,0,insurance,11,0,0,0.8181818181818182
thread_001154,1154,0,insurance,13,0,7,0.6153846153846154
thread_001155,1155,0,insurance,10,0,4,0.8
thread_001156,1156,0,insurance,14,0,1,0.5
thread_001157,1157,0,insurance,11,0,1,0.6363636363636364
thread_001158,1158,0,insurance,11,0,1,0.8181818181818182
thread_001159,1159,0,insurance,11,0,0,0.6363636363636364
thread_001160,1160,0,insurance,11,0,3,0.7272727272727273
thread_001161,1161,0,insurance,11,0,2,0.7272727272727273
thread_001162,1162,0,insurance,10,0,0,0.4
thread_001163,1163,0,insurance,14,0,0,0.5714285714285714
thread_001164,1164,0,insurance,12,0,0,0.5
thread_001165,1165,0,insurance,11,0,0,0.5454545454545454
thread_001166,1166,0,insurance,12,0,1,0.5
thread_001167,1167,0,insurance,13,0,0,0.6153846153846154
thread_001168,1168,0,insurance,13,0,0,0.7692307692307693
thread_001169,1169,0,insurance,11,0,1,0.7272727272727273
thread_001170,1170,0,insurance,15,0,1,0.6
thread_001171,1171,0,insurance,11,0,1,0.5454545454545454
thread_001172,1172,0,insurance,10,0,2,0.8
thread_001173,1173,0,insurance,11,0,0,0.8181818181818182
thread_001174,1174,0,insurance,13,0,1,0.7692307692307693
thread_001175,1175,0,insurance,11,0,0,0.6363636363636364
thread_001176,1176,0,insurance,13,0,2,0.6153846153846154
thread_001177,1177,0,insurance,11,0,0,0.7272727272727273
thread_001178,1178,0,insurance,11,0,3,0.6363636363636364
thread_001179,1179,0,insurance,11,0,0,0.6363636363636364
thread_001180,1180,0,insurance,12,0,0,0.75
thread_001181,1181,0,insurance,10,0,1,0.5
thread_001182,1182,0,insurance,12,0,0,0.5
thread_001183,1183,0,insurance,12,0,0,0.5833333333333334
thread_001184,1184,0,insurance,12,0,0,0.4166666666666667
thread_001185,1185,0,insurance,11,0,0,0.5454545454545454
thread_001186,1186,0,insurance,9,0,1,0.5555555555555556
thread_001187,1187,0,insurance,12,0,1,0.6666666666666666
thread_001188,1188,0,insurance,14,0,1,0.5714285714285714
thread_001189,1189,0,insurance,12,0,0,0.5833333333333334
thread_001190,1190,0,insurance,13,0,0,0.6153846153846154
thread_001191,1191,0,insurance,10,0,0,0.9
thread_001192,1192,0,insurance,11,0,1,0.8181818181818182
thread_001193,1193,0,insurance,11,0,4,0.45454545454545453
thread_001194,1194,0,insurance,15,0,1,0.5333333333333333
thread_001195,1195,0,insurance,13,0,2,0.6923076923076923
thread_001196,1196,0,insurance,9,0,0,0.5555555555555556
thread_001197,1197,0,insurance,12,0,1,0.5
thread_001198,1198,0,insurance,13,0,2,0.5384615384615384
thread_001199,1199,0,insurance,11,0,1,0.6363636363636364
thread_001200,1200,0,telemarketing,13,0,0,0.38461538461538464
thread_001201,1201,0,telemarketing,11,0,1,0.5454545454545454
thread_001202,1202,0,telemarketing,10,0,2,0.6
thread_001203,1203,0,telemarketing,12,0,0,0.5
thread_001204,1204,0,telemarketing,11,0,3,0.45454545454545453
thread_001205,1205,0,telemarketing,11,0,2,0.8181818181818182
thread_001206,1206,0,telemarketing,11,0,0,0.5454545454545454
thread_001207,1207,0,telemarketing,13,0,0,0.6153846153846154
thread_001208,1208,0,telemarketing,12,0,0,0.4166666666666667
thread_001209,1209,0,telemarketing,11,0,0,0.5454545454545454
thread_001210,1210,0,telemarketing,13,0,2,0.46153846153846156
thread_001211,1211,0,telemarketing,13,0,1,0.5384615384615384
thread_001212,1212,0,telemarketing,10,0,1,0.4
thread_001213,1213,0,telemarketing,11,0,0,0.36363636363636365
thread_001214,1214,0,telemarketing,10,0,0,0.4
thread_001215,1215,0,telemarketing,16,0,0,0.625
thread_001216,1216,0,telemarketing,11,0,2,0.5454545454545454
thread_001217,1217,0,telemarketing,11,0,3,0.5454545454545454
thread_001218,1218,0,telemarketing,11,0,0,0.5454545454545454
thread_001219,1219,0,telemarketing,11,0,2,0.6363636363636364
thread_001220,1220,0,telemarketing,12,0,0,0.4166666666666667
thread_001221,1221,0,telemarketing,11,0,2,0.5454545454545454
thread_001222,1222,0,telemarketing,11,0,2,0.5454545454545454
thread_001223,1223,0,telemarketing,13,0,1,0.38461538461538464
thread_001224,1224,0,telemarketing,13,0,0,0.38461538461538464
thread_001225,1225,0,telemarketing,13,0,0,0.6153846153846154
thread_001226,1226,0,telemarketing,11,0,3,0.6363636363636364
thread_001227,1227,0,telemarketing,14,0,0,0.5714285714285714
thread_001228,1228,0,telemarketing,12,0,3,0.6666666666666666
thread_001229,1229,0,telemarketing,12,0,1,0.5
thread_001230,1230,0,telemarketing,9,0,3,0.5555555555555556
thread_001231,1231,0,telemarketing,13,0,0,0.6923076923076923
thread_001232,1232,0,telemarketing,9,0,0,0.8888888888888888
thread_001233,1233,0,telemarketing,16,0,0,0.625
thread_001234,1234,0,telemarketing,8,0,1,0.5
thread_001235,1235,0,telemarketing,11,0,1,0.6363636363636364
thread_001236,1236,0,telemarketing,10,0,3,0.7
thread_001237,1237,0,telemarketing,11,0,0,0.45454545454545453
thread_001238,1238,0,telemarketing,12,0,0,0.4166666666666667
thread_001239,1239,0,telemarketing,11,0,4,0.5454545454545454
thread_001240,1240,0,telemarketing,13,0,0,0.38461538461538464
thread_001241,1241,0,telemarketing,15,0,1,0.5333333333333333
thread_001242,1242,0,telemarketing,12,0,2,0.4166666666666667
thread_001243,1243,0,telemarketing,9,0,2,0.6666666666666666
thread_001244,1244,0,telemarketing,11,0,1,0.7272727272727273
thread_001245,1245,0,telemarketing,10,0,2,0.5
thread_001246,1246,0,telemarketing,9,0,0,0.5555555555555556
thread_001247,1247,0,telemarketing,11,0,2,0.5454545454545454
thread_001248,1248,0,telemarketing,17,0,1,0.5294117647058824
thread_001249,1249,0,telemarketing,12,0,0,0.5
thread_001250,1250,0,telemarketing,13,0,1,0.38461538461538464
thread_001251,1251,0,telemarketing,13,0,1,0.38461538461538464
thread_001252,1252,0,telemarketing,10,0,2,0.6
thread_001253,1253,0,telemarketing,10,0,0,0.5
thread_001254,1254,0,telemarketing,13,0,0,0.46153846153846156
thread_001255,1255,0,telemarketing,13,0,6,0.5384615384615384
thread_001256,1256,0,telemarketing,12,0,0,0.6666666666666666
thread_001257,1257,0,telemarketing,13,1,0,0.3076923076923077
thread_001258,1258,0,telemarketing,11,0,2,0.45454545454545453
thread_001259,1259,0,telemarketing,10,0,2,0.6
thread_001260,1260,0,telemarketing,12,0,0,0.3333333333333333
thread_001261,1261,0,telemarketing,8,0,2,0.625
thread_001262,1262,0,telemarketing,10,0,0,0.4
thread_001263,1263,0,telemarketing,13,0,1,0.6923076923076923
thread_001264,1264,0,telemarketing,12,0,6,0.5833333333333334
thread_001265,1265,0,telemarketing,11,0,0,0.5454545454545454
thread_001266,1266,0,telemarketing,10,0,1,0.6
thread_001267,1267,0,telemarketing,13,0,0,0.46153846153846156
thread_001268,1268,0,telemarketing,10,0,1,0.6
thread_001269,1269,0,telemarketing,10,0,0,0.5
thread_001270,1270,0,telemarketing,11,0,0,0.5454545454545454
thread_001271,1271,0,telemarketing,13,0,1,0.6153846153846154
thread_001272,1272,0,telemarketing,11,0,3,0.45454545454545453
thread_001273,1273,0,telemarketing,10,0,4,0.6
thread_001274,1274,0,telemarketing,8,0,0,0.75
thread_001275,1275,0,telemarketing,11,0,3,0.45454545454545453
thread_001276,1276,0,telemarketing,11,0,2,0.8181818181818182
thread_001277,1277,0,telemarketing,11,0,0,0.5454545454545454
thread_001278,1278,0,telemarketing,12,0,0,0.5833333333333334
thread_001279,1279,0,telemarketing,11,0,2,0.5454545454545454
thread_001280,1280,0,telemarketing,11,0,2,0.6363636363636364
thread_001281,1281,0,telemarketing,8,0,1,0.375
thread_001282,1282,0,telemarketing,10,0,0,0.5
thread_001283,1283,0,telemarketing,12,0,0,0.3333333333333333
thread_001284,1284,0,telemarketing,11,0,0,0.45454545454545453
thread_001285,1285,0,telemarketing,11,0,1,0.5454545454545454
thread_001286,1286,0,telemarketing,12,0,3,0.5833333333333334
thread_001287,1287,0,telemarketing,11,0,0,0.6363636363636364
thread_001288,1288,0,telemarketing,12,0,2,0.5
thread_001289,1289,0,telemarketing,13,0,2,0.46153846153846156
thread_001290,1290,0,telemarketing,11,0,1,0.5454545454545454
thread_001291,1291,0,telemarketing,15,0,2,0.5333333333333333
thread_001292,1292,0,telemarketing,13,0,2,0.38461538461538464
thread_001293,1293,0,telemarketing,11,1,0,0.45454545454545453
thread_001294,1294,0,telemarketing,13,0,0,0.6923076923076923
thread_001295,1295,0,telemarketing,13,0,1,0.46153846153846156
thread_001296,1296,0,telemarketing,9,0,0,0.4444444444444444
thread_001297,1297,0,telemarketing,12,0,2,0.4166666666666667
thread_001298,1298,0,telemarketing,13,0,1,0.6153846153846154
thread_001299,1299,0,telemarketing,13,0,1,0.38461538461538464
thread_001300,1300,0,telemarketing,9,0,0,0.6666666666666666
thread_001301,1301,0,telemarketing,12,0,0,0.5
thread_001302,1302,0,telemarketing,11,0,0,0.36363636363636365
thread_001303,1303,0,telemarketing,10,0,0,0.4
thread_001304,1304,0,telemarketing,10,0,0,0.6
thread_001305,1305,0,telemarketing,11,0,0,0.5454545454545454
thread_001306,1306,0,telemarketing,10,0,0,0.5
thread_001307,1307,0,telemarketing,15,0,3,0.4
thread_001308,1308,0,telemarketing,13,0,0,0.46153846153846156
thread_001309,1309,0,telemarketing,11,0,2,0.45454545454545453
thread_001310,1310,0,telemarketing,11,0,2,0.6363636363636364
thread_001311,1311,0,telemarketing,10,0,2,0.7
thread_001312,1312,0,telemarketing,13,0,1,0.3076923076923077
thread_001313,1313,0,telemarketing,13,0,0,0.6923076923076923
thread_001314,1314,0,telemarketing,11,0,1,0.5454545454545454
thread_001315,1315,0,telemarketing,12,0,1,0.5
thread_001316,1316,0,telemarketing,9,0,0,0.6666666666666666
thread_001317,1317,0,telemarketing,10,0,0,0.6
thread_001318,1318,0,telemarketing,10,0,1,0.6
thread_001319,1319,0,telemarketing,11,0,7,0.45454545454545453
thread_001320,1320,0,telemarketing,12,0,1,0.5
thread_001321,1321,0,telemarketing,12,0,0,0.6666666666666666
thread_001322,1322,0,telemarketing,11,0,0,0.6363636363636364
thread_001323,1323,0,telemarketing,13,0,5,0.5384615384615384
thread_001324,1324,0,telemarketing,12,0,2,0.75
thread_001325,1325,0,telemarketing,15,0,0,0.6666666666666666
thread_001326,1326,0,telemarketing,9,0,0,0.5555555555555556
thread_001327,1327,0,telemarketing,11,0,0,0.7272727272727273
thread_001328,1328,0,telemarketing,11,0,2,0.5454545454545454
thread_001329,1329,0,telemarketing,10,0,0,0.4
thread_001330,1330,0,telemarketing,12,0,3,0.6666666666666666
thread_001331,1331,0,telemarketing,13,0,0,0.38461538461538464
thread_001332,1332,0,telemarketing,16,0,0,0.5
thread_001333,1333,0,telemarketing,10,0,0,0.6
thread_001334,1334,0,telemarketing,15,0,0,0.6666666666666666
thread_001335,1335,0,telemarketing,10,0,0,0.5
thread_001336,1336,0,telemarketing,12,0,0,0.5833333333333334
thread_001337,1337,0,telemarketing,13,0,0,0.46153846153846156
thread_001338,1338,0,telemarketing,9,0,1,0.4444444444444444
thread_001339,1339,0,telemarketing,12,0,0,0.5
thread_001340,1340,0,telemarketing,10,0,3,0.6
thread_001341,1341,0,telemarketing,13,0,0,0.6923076923076923
thread_001342,1342,0,telemarketing,10,0,0,0.6
thread_001343,1343,0,telemarketing,10,0,0,0.5
thread_001344,1344,0,telemarketing,12,0,0,0.5833333333333334
thread_001345,1345,0,telemarketing,11,0,0,0.5454545454545454
thread_001346,1346,0,telemarketing,12,0,1,0.5833333333333334
thread_001347,1347,0,telemarketing,10,0,0,0.6
thread_001348,1348,0,telemarketing,10,0,4,0.6
thread_001349,1349,0,telemarketing,12,0,1,0.5833333333333334
thread_001350,1350,0,telemarketing,11,0,0,0.6363636363636364
thread_001351,1351,0,telemarketing,10,0,2,0.5
thread_001352,1352,0,telemarketing,13,0,1,0.3076923076923077
thread_001353,1353,0,telemarketing,11,0,0,0.7272727272727273
thread_001354,1354,0,telemarketing,12,0,1,0.5
thread_001355,1355,0,telemarketing,13,0,2,0.5384615384615384
thread_001356,1356,0,telemarketing,13,0,1,0.46153846153846156
thread_001357,1357,0,telemarketing,12,0,0,0.5833333333333334
thread_001358,1358,0,telemarketing,10,0,2,0.3
thread_001359,1359,0,telemarketing,12,0,0,0.4166666666666667
thread_001360,1360,0,telemarketing,10,0,1,0.5
thread_001361,1361,0,telemarketing,10,0,1,0.7
thread_001362,1362,0,telemarketing,11,0,0,0.5454545454545454
thread_001363,1363,0,telemarketing,12,0,1,0.5833333333333334
thread_001364,1364,0,telemarketing,12,0,3,0.4166666666666667
thread_001365,1365,0,telemarketing,9,0,0,0.7777777777777778
thread_001366,1366,0,telemarketing,10,0,0,0.5
thread_001367,1367,0,telemarketing,11,0,0,0.36363636363636365
thread_001368,1368,0,telemarketing,11,0,2,0.5454545454545454
thread_001369,1369,0,telemarketing,13,0,0,0.6153846153846154
thread_001370,1370,0,telemarketing,10,0,0,0.4
thread_001371,1371,0,telemarketing,10,0,4,0.3
thread_001372,1372,0,telemarketing,11,0,1,0.5454545454545454
thread_001373,1373,0,telemarketing,12,0,0,0.5833333333333334
thread_001374,1374,0,telemarketing,11,0,4,0.45454545454545453
thread_001375,1375,0,telemarketing,12,0,1,0.5833333333333334
thread_001376,1376,0,telemarketing,9,0,0,0.5555555555555556
thread_001377,1377,0,telemarketing,11,0,0,0.8181818181818182
thread_001378,1378,0,telemarketing,9,0,0,0.5555555555555556
thread_001379,1379,0,telemarketing,13,0,1,0.5384615384615384
thread_001380,1380,0,telemarketing,13,0,0,0.46153846153846156
thread_001381,1381,0,telemarketing,12,0,2,0.4166666666666667
thread_001382,1382,0,telemarketing,10,0,0,0.3
thread_001383,1383,0,telemarketing,9,0,5,0.6666666666666666
thread_001384,1384,0,telemarketing,11,0,1,0.45454545454545453
thread_001385,1385,0,telemarketing,11,0,1,0.5454545454545454
thread_001386,1386,0,telemarketing,11,0,0,0.5454545454545454
thread_001387,1387,0,telemarketing,14,0,6,0.5
thread_001388,1388,0,telemarketing,10,0,2,0.6
thread_001389,1389,0,telemarketing,12,0,0,0.4166666666666667
thread_001390,1390,0,telemarketing,9,0,2,0.5555555555555556
thread_001391,1391,0,telemarketing,9,0,3,0.5555555555555556
thread_001392,1392,0,telemarketing,11,0,2,0.5454545454545454
thread_001393,1393,0,telemarketing,10,0,0,0.6
thread_001394,1394,0,telemarketing,12,0,4,0.5
thread_001395,1395,0,telemarketing,11,0,0,0.5454545454545454
thread_001396,1396,0,telemarketing,9,0,0,0.7777777777777778
thread_001397,1397,0,telemarketing,13,0,0,0.5384615384615384
thread_001398,1398,0,telemarketing,13,0,0,0.38461538461538464
thread_001399,1399,0,telemarketing,10,0,0,0.5
thread_001400,1400,0,wrong,8,0,0,0.375
thread_001401,1401,0,wrong,8,0,0,0.5
thread_001402,1402,0,wrong,9,0,0,0.2222222222222222
thread_001403,1403,0,wrong,10,0,0,0.4
thread_001404,1404,0,wrong,8,0,0,0.5
thread_001405,1405,0,wrong,8,0,0,0.5
thread_001406,1406,0,wrong,8,0,1,0.375
thread_001407,1407,0,wrong,8,0,0,0.5
thread_001408,1408,0,wrong,8,0,0,0.5
thread_001409,1409,0,wrong,10,0,0,0.4
thread_001410,1410,0,wrong,8,0,0,0.375
thread_001411,1411,0,wrong,8,0,1,0.5
thread_001412,1412,0,wrong,10,0,0,0.4
thread_001413,1413,0,wrong,8,0,0,0.375
thread_001414,1414,0,wrong,8,0,0,0.5
thread_001415,1415,0,wrong,8,0,0,0.25
thread_001416,1416,0,wrong,10,0,0,0.3
thread_001417,1417,0,wrong,8,0,0,0.125
thread_001418,1418,0,wrong,8,0,0,0.125
thread_001419,1419,0,wrong,8,0,0,0.375
thread_001420,1420,0,wrong,8,0,0,0.5
thread_001421,1421,0,wrong,8,0,0,0.25
thread_001422,1422,0,wrong,8,0,0,0.375
thread_001423,1423,0,wrong,8,0,0,0.5
thread_001424,1424,0,wrong,8,0,0,0.5
thread_001425,1425,0,wrong,8,0,0,0.125
thread_001426,1426,0,wrong,8,0,0,0.125
thread_001427,1427,0,wrong,8,0,0,0.375
thread_001428,1428,0,wrong,8,0,0,0.375
thread_001429,1429,0,wrong,10,0,0,0.4
thread_001430,1430,0,wrong,10,0,0,0.4
thread_001431,1431,0,wrong,6,0,0,0.16666666666666666
thread_001432,1432,0,wrong,10,0,0,0.4
thread_001433,1433,0,wrong,8,0,0,0.5
thread_001434,1434,0,wrong,8,0,0,0.375
thread_001435,1435,0,wrong,12,0,0,0.3333333333333333
thread_001436,1436,0,wrong,8,0,0,0.375
thread_001437,1437,0,wrong,10,0,0,0.5
thread_001438,1438,0,wrong,8,0,0,0.25
thread_001439,1439,0,wrong,10,0,0,0.5
thread_001440,1440,0,wrong,8,0,0,0.375
thread_001441,1441,0,wrong,8,0,0,0.375
thread_001442,1442,0,wrong,8,0,0,0.5
thread_001443,1443,0,wrong,8,0,0,0.375
thread_001444,1444,0,wrong,8,0,0,0.5
thread_001445,1445,0,wrong,8,0,0,0.25
thread_001446,1446,0,wrong,10,0,0,0.3
thread_001447,1447,0,wrong,8,0,0,0.5
thread_001448,1448,0,wrong,8,0,0,0.5
thread_001449,1449,0,wrong,6,0,0,0.3333333333333333
thread_001450,1450,0,wrong,10,0,0,0.4
thread_001451,1451,0,wrong,10,0,0,0.5
thread_001452,1452,0,wrong,8,0,0,0.375
thread_001453,1453,0,wrong,6,0,0,0.16666666666666666
thread_001454,1454,0,wrong,10,0,0,0.3
thread_001455,1455,0,wrong,10,0,0,0.5
thread_001456,1456,0,wrong,8,0,0,0.375
thread_001457,1457,0,wrong,8,0,0,0.375
thread_001458,1458,0,wrong,8,0,0,0.375
thread_001459,1459,0,wrong,8,0,0,0.375
thread_001460,1460,0,wrong,8,0,0,0.5
thread_001461,1461,0,wrong,8,0,0,0.5
thread_001462,1462,0,wrong,8,0,0,0.375
thread_001463,1463,0,wrong,8,0,1,0.375
thread_001464,1464,0,wrong,8,0,0,0.125
thread_001465,1465,0,wrong,6,0,0,0.3333333333333333
thread_001466,1466,0,wrong,8,0,0,0.375
thread_001467,1467,0,wrong,8,0,0,0.375
thread_001468,1468,0,wrong,8,0,0,0.25
thread_001469,1469,0,wrong,8,0,0,0.5
thread_001470,1470,0,wrong,10,0,0,0.3
thread_001471,1471,0,wrong,8,0,0,0.375
thread_001472,1472,0,wrong,8,0,0,0.375
thread_001473,1473,0,wrong,8,0,0,0.375
thread_001474,1474,0,wrong,8,0,0,0.375
thread_001475,1475,0,wrong,6,0,0,0.16666666666666666
thread_001476,1476,0,wrong,12,0,0,0.5
thread_001477,1477,0,wrong,8,0,1,0.5
thread_001478,1478,0,wrong,6,0,0,0.6666666666666666
thread_001479,1479,0,wrong,8,0,0,0.25
thread_001480,1480,0,wrong,8,0,0,0.25
thread_001481,1481,0,wrong,10,0,0,0.4
thread_001482,1482,0,wrong,10,0,0,0.4
thread_001483,1483,0,wrong,8,0,0,0.125
thread_001484,1484,0,wrong,10,0,0,0.4
thread_001485,1485,0,wrong,12,0,0,0.25
thread_001486,1486,0,wrong,10,0,0,0.4
thread_001487,1487,0,wrong,8,0,0,0.5
thread_001488,1488,0,wrong,8,0,0,0.125
thread_001489,1489,0,wrong,6,0,0,0.16666666666666666
thread_001490,1490,0,wrong,8,0,0,0.25
thread_001491,1491,0,wrong,10,0,0,0.5
thread_001492,1492,0,wrong,6,0,0,0.3333333333333333
thread_001493,1493,0,wrong,8,0,0,0.25
thread_001494,1494,0,wrong,7,0,0,0.14285714285714285
thread_001495,1495,0,wrong,8,0,0,0.25
thread_001496,1496,0,wrong,8,0,0,0.375
thread_001497,1497,0,wrong,8,0,0,0.25
thread_001498,1498,0,wrong,8,0,0,0.25
thread_001499,1499,0,wrong,8,0,0,0.375
thread_001500,1500,0,wrong,10,0,0,0.4
thread_001501,1501,0,wrong,10,0,0,0.4
thread_001502,1502,0,wrong,12,0,0,0.5
thread_001503,1503,0,wrong,8,0,0,0.5
thread_001504,1504,0,wrong,8,0,0,0.375
thread_001505,1505,0,wrong,10,0,0,0.5
thread_001506,1506,0,wrong,8,0,0,0.125
thread_001507,1507,0,wrong,8,0,0,0.25
thread_001508,1508,0,wrong,6,0,0,0.16666666666666666
thread_001509,1509,0,wrong,8,0,0,0.125
thread_001510,1510,0,wrong,12,0,0,0.25
thread_001511,1511,0,wrong,10,0,0,0.5
thread_001512,1512,0,wrong,8,0,0,0.375
thread_001513,1513,0,wrong,8,0,0,0.25
thread_001514,1514,0,wrong,10,0,0,0.3
thread_001515,1515,0,wrong,8,0,0,0.375
thread_001516,1516,0,wrong,8,0,0,0.375
thread_001517,1517,0,wrong,10,0,0,0.4
thread_001518,1518,0,wrong,10,0,0,0.4
thread_001519,1519,0,wrong,8,0,0,0.125
thread_001520,1520,0,wrong,8,0,0,0.375
thread_001521,1521,0,wrong,8,0,0,0.375
thread_001522,1522,0,wrong,8,0,0,0.5
thread_001523,1523,0,wrong,8,0,0,0.25
thread_001524,1524,0,wrong,8,0,0,0.375
thread_001525,1525,0,wrong,10,0,0,0.2
thread_001526,1526,0,wrong,10,0,0,0.3
thread_001527,1527,0,wrong,8,0,0,0.375
thread_001528,1528,0,wrong,6,0,0,0.3333333333333333
thread_001529,1529,0,wrong,8,0,0,0.375
thread_001530,1530,0,wrong,10,0,0,0.4
thread_001531,1531,0,wrong,8,0,0,0.5
thread_001532,1532,0,wrong,11,0,0,0.36363636363636365
thread_001533,1533,0,wrong,6,0,0,0.5
thread_001534,1534,0,wrong,8,0,0,0.5
thread_001535,1535,0,wrong,8,0,0,0.25
thread_001536,1536,0,wrong,8,0,0,0.375
thread_001537,1537,0,wrong,6,0,0,0.16666666666666666
thread_001538,1538,0,wrong,8,0,0,0.375
thread_001539,1539,0,wrong,6,0,0,0.16666666666666666
thread_001540,1540,0,wrong,8,0,0,0.5
thread_001541,1541,0,wrong,8,0,0,0.5
thread_001542,1542,0,wrong,8,0,0,0.5
thread_001543,1543,0,wrong,8,0,0,0.25
thread_001544,1544,0,wrong,8,0,0,0.375
thread_001545,1545,0,wrong,10,0,0,0.4
thread_001546,1546,0,wrong,8,0,0,0.25
thread_001547,1547,0,wrong,8,0,0,0.5
thread_001548,1548,0,wrong,10,0,0,0.4
thread_001549,1549,0,wrong,8,0,0,0.5
thread_001550,1550,0,wrong,8,0,0,0.375
thread_001551,1551,0,wrong,10,0,0,0.4
thread_001552,1552,0,wrong,8,0,0,0.25
thread_001553,1553,0,wrong,8,0,0,0.5
thread_001554,1554,0,wrong,8,0,0,0.375
thread_001555,1555,0,wrong,6,0,0,0.3333333333333333
thread_001556,1556,0,wrong,8,0,0,0.25
thread_001557,1557,0,wrong,6,0,0,0.16666666666666666
thread_001558,1558,0,wrong,8,0,0,0.375
thread_001559,1559,0,wrong,8,0,0,0.5
thread_001560,1560,0,wrong,8,0,0,0.25
thread_001561,1561,0,wrong,8,0,0,0.375
thread_001562,1562,0,wrong,8,0,0,0.375
thread_001563,1563,0,wrong,10,0,0,0.2
thread_001564,1564,0,wrong,10,0,0,0.3
thread_001565,1565,0,wrong,8,0,0,0.375
thread_001566,1566,0,wrong,8,0,0,0.5
thread_001567,1567,0,wrong,8,0,0,0.375
thread_001568,1568,0,wrong,8,0,0,0.375
thread_001569,1569,0,wrong,8,0,0,0.5
thread_001570,1570,0,wrong,8,0,0,0.125
thread_001571,1571,0,wrong,6,0,0,0.16666666666666666
thread_001572,1572,0,wrong,10,0,0,0.4
thread_001573,1573,0,wrong,10,0,0,0.4
thread_001574,1574,0,wrong,8,0,0,0.125
thread_001575,1575,0,wrong,10,0,0,0.5
thread_001576,1576,0,wrong,8,0,0,0.375
thread_001577,1577,0,wrong,6,0,0,0.5
thread_001578,1578,0,wrong,10,0,0,0.3
thread_001579,1579,0,wrong,8,0,0,0.375
thread_001580,1580,0,wrong,10,0,0,0.5
thread_001581,1581,0,wrong,8,0,0,0.5
thread_001582,1582,0,wrong,8,0,0,0.5
thread_001583,1583,0,wrong,10,0,0,0.4
thread_001584,1584,0,wrong,8,0,0,0.125
thread_001585,1585,0,wrong,8,0,0,0.25
thread_001586,1586,0,wrong,8,0,0,0.25
thread_001587,1587,0,wrong,8,0,0,0.5
thread_001588,1588,0,wrong,10,0,0,0.5
thread_001589,1589,0,wrong,8,0,0,0.375
thread_001590,1590,0,wrong,10,0,0,0.5
thread_001591,1591,0,wrong,10,0,0,0.3
thread_001592,1592,0,wrong,8,0,0,0.5
thread_001593,1593,0,wrong,6,0,0,0.5
thread_001594,1594,0,wrong,10,0,0,0.6
thread_001595,1595,0,wrong,10,0,0,0.3
thread_001596,1596,0,wrong,8,0,0,0.25
thread_001597,1597,0,wrong,8,0,0,0.5
thread_001598,1598,0,wrong,8,0,0,0.25
thread_001599,1599,0,wrong,8,0,0,0.25
